{"stats":{"minecraft:killed":{"born_in_chaos_v1:mr_pumpkin":2,"orcz:goblinshield":1,"born_in_chaos_v1:restless_spirit":6,"born_in_chaos_v1:zombie_lumberjack":1,"born_in_chaos_v1:skeleton_demoman":1,"born_in_chaos_v1:door_knight_not_despawn":1,"born_in_chaos_v1:sir_the_headless":1,"enemyexpansion:equestrian":2,"born_in_chaos_v1:siamese_skeletonsright":4,"born_in_chaos_v1:baby_skeleton_minion":2,"hmag:ghastly_seeker":1,"minecraft:skeleton":363,"minecraft:chicken":3,"hmag:redcap":2,"duneons:piglinthrower":6,"minecraft:magma_cube":5,"born_in_chaos_v1:bone_imp":3,"stalwart_dungeons:giddy_blaze":22,"orcz:goblinwerid":1,"hmag:snow_canine":1,"orcz:orcsavage_2swordiron":1,"minecraft:pillager":16,"minecraft:zombie":36,"hmag:melty_monster":1,"born_in_chaos_v1:corpse_fly":19,"enemyexpansion:botfly":17,"orcz:bigorcboss":1,"untamedwilds:bison":10,"orcz:orcsavage_2sword":2,"minecraft:cow":23,"hmag:creeper_girl":3,"hmag:skeleton_girl":2,"born_in_chaos_v1:pumpkinhead":1,"born_in_chaos_v1:dire_hound_leader":1,"hmag:zombie_girl":4,"duneons:squallgolem":7,"stalwart_dungeons:nether_wart_cocoon":9,"orcz:orcsavagemace":2,"hmag:dullahan":2,"born_in_chaos_v1:spiritof_chaos":2,"minecraft:husk":34,"untamedwilds:newt":2,"enemyexpansion:sprinter":7,"untamedwilds:big_cat":1,"born_in_chaos_v1:decrepit_skeleton":12,"born_in_chaos_v1:dark_vortex":1,"duneons:enchanted_zombie":2,"minecraft:zombified_piglin":14,"minecraft:spider":12,"orcz:squig":3,"minecraft:piglin_brute":15,"duneons:enchanted_creeper":2,"minecraft:piglin":2,"born_in_chaos_v1:bonescaller":1,"minecraft:pig":7,"enemyexpansion:ladybug":1,"orcz:goblinsavagemace":4,"untamedwilds:boar":2,"hmag:kasha":1,"hmag:wither_ghost":7,"minecraft:strider":3,"irons_spellbooks:necromancer":1,"minecraft:creeper":14,"duneons:mountaineer":24,"minecraft:sheep":1,"untamedwilds:bear":1,"born_in_chaos_v1:zombie_fisherman":1,"born_in_chaos_v1:dread_hound":5,"minecraft:ghast":2,"hmag:alraune":1,"untamedwilds:rhino":1,"orcz:snot":1,"orcz:orcshield":2,"minecraft:blaze":12,"born_in_chaos_v1:siamese_skeletonsleft":3,"enemyexpansion:wasp":2,"minecraft:vex":1,"enemyexpansion:direwolf":15,"born_in_chaos_v1:zombie_bruiser":4,"born_in_chaos_v1:maggot":50,"enemyexpansion:goblin":3,"born_in_chaos_v1:siamese_skeletons":1,"hmag:ghost":2,"born_in_chaos_v1:baby_skeleton":3,"duneons:redstone_pigman_monstrosity":1,"born_in_chaos_v1:swarmer":1,"minecraft:bat":1,"enemyexpansion:huntsman":4,"minecraft:wither_skeleton":15,"orcz:goblin_2sword":1,"hmag:cursed_doll":1,"enemyexpansion:slugger":2},"minecraft:crafted":{"minecraft:smooth_stone":8,"minecraft:jungle_fence_gate":1,"travelersbackpack:crafting_upgrade":1,"minecraft:bookshelf":27,"minecraft:cooked_mutton":5,"minecraft:glass":286,"minecraft:diamond_helmet":2,"minecraft:diamond_leggings":1,"galosphere:silver_ingot":11,"minecraft:magenta_dye":8,"minecraft:cooked_porkchop":16,"travelersbackpack:standard":3,"farmersdelight:beef_patty":8,"minecraft:iron_pickaxe":5,"minecraft:iron_block":6,"farmersdelight:cooked_bacon":10,"minecraft:stone_shovel":4,"vanillaplustools:stone_hammer":2,"minecraft:bone_meal":2007,"travelersbackpack:blank_upgrade":8,"travelersbackpack:gold_tier_upgrade":2,"minecraft:diamond":9,"travelersbackpack:cake":2,"minecraft:spruce_slab":6,"minecraft:stone_pickaxe":4,"minecraft:diamond_boots":2,"minecraft:jungle_fence":18,"minecraft:golden_helmet":2,"minecraft:wheat":477,"minecraft:enchanting_table":1,"minecraft:glowstone":26,"minecraft:enchanted_book":1,"minecraft:iron_leggings":2,"bossominium:charred_steak":2,"minecraft:oak_planks":52,"minecraft:cobblestone_slab":36,"minecraft:cooked_chicken":1,"minecraft:cobblestone_stairs":48,"minecraft:stone":346,"minecraft:bow":6,"minecraft:iron_boots":2,"minecraft:chest":9,"stalwart_dungeons:iron_hammer":2,"morebows:iron_bow":2,"minecraft:stone_bricks":152,"galosphere:silver_upgrade_smithing_template":8,"minecraft:golden_boots":1,"minecraft:oak_slab":6,"travelersbackpack:iron_tier_upgrade":2,"minecraft:crafting_table":4,"minecraft:spruce_planks":448,"minecraft:wooden_pickaxe":1,"minecraft:iron_helmet":2,"minecraft:iron_chestplate":1,"minecraft:shield":1,"minecraft:charcoal":7,"minecraft:diamond_pickaxe":4,"minecraft:stick":268,"minecraft:iron_ingot":216,"morebows:diamond_bow":3,"minecraft:shears":1,"minecraft:cherry_planks":16,"minecraft:furnace":9,"minecraft:blast_furnace":2,"minecraft:flint_and_steel":1,"minecraft:iron_axe":2,"born_in_chaos_v1:fried_maggot":22,"minecraft:cobblestone_wall":6,"travelersbackpack:diamond_tier_upgrade":2,"minecraft:cooked_beef":49,"minecraft:sugar":4,"minecraft:spruce_sign":3,"travelersbackpack:backpack_tank":6,"minecraft:iron_sword":5,"tombstone:ankh_of_pray":1,"minecraft:bucket":5,"minecraft:stone_axe":3,"minecraft:air":0,"minecraft:bread":408,"minecraft:jungle_planks":52,"immersive_aircraft:gyrodyne":1,"minecraft:white_wool":5,"minecraft:anvil":2,"minecraft:acacia_planks":16,"minecraft:torch":832,"minecraft:diamond_chestplate":1},"minecraft:picked_up":{"minecraft:iron_chestplate":3,"minecraft:chainmail_boots":5,"minecraft:anvil":2,"minecraft:smithing_table":1,"minecraft:diamond_sword":2,"minecraft:wither_rose":2,"minecraft:enchanted_book":5,"duneons:oakwoodbrew":2,"minecraft:brewing_stand":2,"minecraft:golden_sword":2,"minecraft:polished_deepslate_wall":2,"minecraft:polished_deepslate":1,"minecraft:string":46,"minecraft:dark_oak_trapdoor":6,"minecraft:soul_soil":10,"duneons:goatgear_helmet":2,"minecraft:red_nether_bricks":6,"minecraft:beetroot":5,"minecraft:gold_nugget":34,"minecraft:cobbled_deepslate":1355,"minecraft:spruce_planks":100,"minecraft:golden_helmet":2,"orcz:orcskull":3,"born_in_chaos_v1:shattered_skull":4,"minecraft:big_dripleaf":1,"minecraft:green_bed":1,"minecraft:acacia_log":11,"minecraft:golden_axe":3,"minecraft:cherry_log":1,"born_in_chaos_v1:black_argillite_brick_stairs":2,"minecraft:golden_chestplate":1,"minecraft:cauldron":1,"minecraft:waxed_cut_copper_stairs":2,"minecraft:stone_sword":1,"minecraft:honey_bottle":1,"farmersdelight:onion":3,"duneons:soul_scythe":2,"duneons:vasehighland":1,"duneons:goldmace":1,"minecraft:blaze_rod":34,"minecraft:snowball":598,"minecraft:birch_log":1,"duneons:crystalblue":3,"minecraft:magma_block":3004,"minecraft:feather":4,"minecraft:cooked_beef":55,"orcz:orcteeth":50,"minecraft:iron_door":4,"minecraft:water_bucket":1,"minecraft:jungle_log":13,"minecraft:jungle_wood":4,"minecraft:smoker":4,"duneons:bluekinghat_leggings":2,"duneons:snowcobblestone":1,"minecraft:flint":19,"born_in_chaos_v1:black_argillite_button":1,"farmersdelight:cooked_bacon":1,"travelersbackpack:gold_tier_upgrade":1,"duneons:scattermines":1,"minecraft:gray_concrete":3,"minecraft:lantern":2,"minecraft:stonecutter":3,"minecraft:dark_oak_sign":1,"soul_like_armors_reworked:dark_knight_helmet":1,"soul_like_armors_reworked:rustysteel_boots":1,"minecraft:diamond_helmet":1,"immersive_aircraft:sail":2,"hmag:exp_berry":3,"minecraft:glowstone_dust":125,"galosphere:raw_silver":3,"minecraft:moss_block":27,"duneons:crimsonroots":2,"spelunkers_charm:candle_on_helmet":3,"minecraft:dark_oak_log":7,"minecraft:bundle":16,"minecraft:iron_hoe":1,"stalwart_dungeons:spore_vaporizer":3,"minecraft:dispenser":8,"minecraft:lever":6,"bossominium:the_bossdexium":2,"minecraft:chainmail_helmet":1,"minecraft:bread":275,"minecraft:rooted_dirt":2,"minecraft:crimson_roots":2,"minecraft:diamond_pickaxe":3,"minecraft:coarse_dirt":2,"minecraft:crafting_table":17,"minecraft:nether_wart":87,"minecraft:clay_ball":353,"born_in_chaos_v1:seedof_chaos":2,"minecraft:leather_leggings":2,"minecraft:jungle_trapdoor":2,"minecraft:polished_blackstone_wall":2,"minecraft:cracked_stone_bricks":11,"minecraft:cartography_table":1,"farmersdelight:beef_patty":5,"minecraft:deepslate_diamond_ore":2,"minecraft:beef":20,"born_in_chaos_v1:gnawed_bones":4,"minecraft:jungle_sapling":1,"minecraft:iron_nugget":3,"minecraft:spruce_slab":17,"minecraft:chest":28,"minecraft:piston":8,"minecraft:egg":6,"orcz:squig_eye":1,"minecraft:sandstone":16,"minecraft:polished_deepslate_slab":1,"minecraft:stone":1,"minecraft:spruce_fence":4,"minecraft:fire_charge":1,"orcz:orchorn":1,"duneons:sanctumstonepatternedgildedtop":1,"born_in_chaos_v1:pieceofdarkmetal":3,"minecraft:carrot":57,"minecraft:redstone":47,"minecraft:jungle_sign":2,"untamedwilds:hide_white":3,"minecraft:tnt":18,"minecraft:beetroot_seeds":13,"minecraft:peony":2,"minecraft:hay_block":53,"minecraft:gold_ingot":25,"tombstone:essence_of_undeath":3,"minecraft:polished_blackstone":1,"minecraft:glow_berries":4,"minecraft:mutton":4,"immersive_aircraft:hull":2,"minecraft:bone_block":1,"minecraft:white_wool":8,"duneons:dungeonscharreddirt":3,"born_in_chaos_v1:monster_flesh":12,"born_in_chaos_v1:pumpkin_staff":1,"minecraft:jungle_fence":7,"minecraft:red_mushroom":5,"minecraft:filled_map":1,"spelunkers_charm:old_miners_bundle":1,"minecraft:oak_log":16,"minecraft:golden_boots":1,"duneons:eminencefungussprout":2,"minecraft:paper":11,"tombstone:gift":2,"hmag:fire_bottle":1,"duneons:charredgrassblock":10,"minecraft:stone_bricks":79,"travelersbackpack:cake":5,"minecraft:kelp":158,"minecraft:stone_pickaxe":39,"duneons:mountaineeraxeiron":1,"tombstone:bag_of_seeds":6,"minecraft:iron_sword":5,"minecraft:dark_oak_stairs":10,"minecraft:smooth_basalt":53,"minecraft:milk_bucket":1,"duneons:dungeonscharredcobblestone":49,"minecraft:sweet_berries":33,"born_in_chaos_v1:ethereal_spirit":17,"minecraft:cracked_nether_bricks":1,"minecraft:gravel":120,"duneons:necromancerball":2,"minecraft:spruce_sapling":8,"born_in_chaos_v1:fangofthe_hound_leader":1,"minecraft:spruce_log":188,"minecraft:leather_helmet":3,"travelersbackpack:standard":75,"untamedwilds:hide_gray":2,"minecraft:purple_bed":15,"minecraft:stone_axe":1,"hmag:randomberry":2,"minecraft:painting":1,"minecraft:warped_roots":2,"minecraft:baked_potato":6,"minecraft:melon_seeds":8,"minecraft:hopper":7,"minecraft:wheat":255,"travelersbackpack:bat":1,"minecraft:redstone_block":3,"aether:iron_gloves":2,"enemyexpansion:wasp_thorax":2,"minecraft:nether_brick":49,"minecraft:stone_brick_stairs":5,"minecraft:waxed_cut_copper_slab":2,"minecraft:raw_copper":32,"minecraft:experience_bottle":4,"minecraft:oak_sign":1,"irons_spellbooks:arcane_essence":4,"immersive_aircraft:propeller":1,"minecraft:smooth_stone":5,"minecraft:bucket":1,"minecraft:red_dye":3,"minecraft:white_tulip":1,"minecraft:redstone_torch":2,"minecraft:cobblestone_slab":12,"minecraft:calcite":18,"minecraft:smooth_quartz":18,"minecraft:iron_pickaxe":1,"farmersdelight:cabbage_seeds":6,"minecraft:iron_boots":1,"minecraft:furnace":23,"minecraft:stick":14,"minecraft:jungle_door":1,"minecraft:birch_trapdoor":4,"minecraft:torch":186,"hmag:diamond_fragment":3,"minecraft:porkchop":13,"minecraft:crimson_button":1,"orcz:squigs_claws":7,"tombstone:grave_dust":87,"minecraft:diorite":4,"duneons:firepumkin":2,"minecraft:rotten_flesh":276,"duneons:bluebanner":2,"minecraft:obsidian":30,"morebows:diamond_bow":1,"minecraft:cobblestone":3790,"minecraft:leather_chestplate":1,"hmag:copper_nugget":4,"minecraft:repeater":12,"minecraft:golden_leggings":2,"minecraft:chiseled_quartz_block":4,"minecraft:potato":56,"duneons:burstgale":2,"paraglider:spirit_orb":27,"minecraft:magenta_dye":7,"duneons:purplevangardpotion":1,"minecraft:wither_skeleton_skull":2,"minecraft:lapis_lazuli":159,"minecraft:dirt":227,"duneons:golemruin":5,"travelersbackpack:hose_nozzle":1,"born_in_chaos_v1:monster_skin":6,"minecraft:leather_boots":2,"minecraft:glass":55,"minecraft:bone":430,"travelersbackpack:backpack_tank":2,"minecraft:bow":25,"minecraft:wheat_seeds":1155,"minecraft:raw_gold":3,"minecraft:cobbled_deepslate_slab":36,"minecraft:bell":1,"minecraft:grindstone":5,"minecraft:mossy_stone_bricks":12,"minecraft:fletching_table":3,"minecraft:cyan_candle":2,"minecraft:oak_planks":1,"duneons:red_stone_golem_skull":1,"minecraft:cooked_porkchop":2,"minecraft:music_disc_13":1,"hmag:soul_powder":12,"minecraft:axolotl_bucket":2,"minecraft:poisonous_potato":2,"minecraft:jungle_planks":23,"minecraft:sand":261,"farmersdelight:ham":1,"minecraft:jungle_slab":4,"minecraft:mossy_cobblestone":5,"galosphere:silver_nugget":21,"minecraft:light_gray_concrete":7,"soul_like_armors_reworked:dark_knight_boots":1,"born_in_chaos_v1:fire_dust":1,"minecraft:diamond":130,"minecraft:spruce_boat":1,"waystones:waystone":11,"minecraft:crossbow":2,"minecraft:bone_meal":58,"minecraft:spruce_sign":1,"minecraft:emerald":32,"orcz:ironscrap":10,"minecraft:oak_sapling":7,"minecraft:netherrack":511,"minecraft:allium":8,"minecraft:chicken":4,"minecraft:ladder":5,"duneons:swamplog":2,"minecraft:brown_mushroom":3,"minecraft:stone_brick_wall":1,"soul_like_armors_reworked:darkknightsword":1,"minecraft:chain":1,"minecraft:shield":1,"aether:leather_gloves":1,"minecraft:moss_carpet":1,"untamedwilds:food_bear_raw":6,"minecraft:item_frame":1,"minecraft:cyan_carpet":2,"minecraft:blackstone":1647,"minecraft:player_head":5,"minecraft:observer":3,"minecraft:light_gray_wool":4,"bossominium:vex_wing":1,"minecraft:lectern":41,"minecraft:sugar_cane":12,"minecraft:spruce_trapdoor":5,"minecraft:raw_iron":207,"minecraft:stripped_mangrove_wood":4,"minecraft:stone_button":1,"minecraft:cookie":1,"minecraft:dark_oak_planks":29,"soul_like_armors_reworked:estusflask":70,"minecraft:arrow":369,"minecraft:weeping_vines":19,"minecraft:jungle_stairs":9,"minecraft:nether_bricks":18,"minecraft:saddle":2,"minecraft:black_banner":1,"duneons:goatgear_chestplate":2,"duneons:bluekinghat_chestplate":3,"born_in_chaos_v1:fused_bone":7,"born_in_chaos_v1:corpse_maggot":80,"hmag:emerald_fragment":1,"minecraft:basalt":8,"minecraft:dark_oak_button":3,"minecraft:leather":78,"minecraft:birch_planks":1,"minecraft:chainmail_chestplate":1,"minecraft:gunpowder":38,"minecraft:cobblestone_wall":5,"minecraft:cobblestone_stairs":5,"untamedwilds:material_fat":26,"spelunkers_charm:basalt_rock":1,"minecraft:iron_ingot":18,"minecraft:cooked_chicken":1,"minecraft:soul_sand":32,"stalwart_dungeons:transient_block_close":19,"minecraft:book":205,"minecraft:oak_slab":1,"born_in_chaos_v1:lifestealer_bone":2,"minecraft:stone_brick_slab":1,"stalwart_dungeons:tungsten_ingot":1,"minecraft:quartz":10,"minecraft:lava_bucket":4,"duneons:powerfulbow":2,"born_in_chaos_v1:dark_rod":2,"minecraft:amethyst_shard":2,"minecraft:blast_furnace":14,"minecraft:nether_brick_slab":1,"minecraft:dark_oak_fence_gate":1,"duneons:bluekinghat_helmet":2,"minecraft:spider_eye":6,"minecraft:spruce_door":1,"minecraft:stripped_jungle_log":1,"minecraft:pumpkin_seeds":33,"minecraft:iron_helmet":1,"vanillaplustools:stone_hammer":3,"hmag:lemon":1,"duneons:tikitorch":4,"duneons:keygold":1,"tombstone:magic_scroll":12,"minecraft:damaged_anvil":2,"minecraft:black_wool":4,"soul_like_armors_reworked:rustysteel_leggings":1,"minecraft:coal":689},"minecraft:dropped":{"stalwart_dungeons:spore_vaporizer":3,"minecraft:iron_sword":3,"minecraft:piston":4,"minecraft:porkchop":5,"orcz:orcskull":1,"minecraft:stripped_mangrove_wood":4,"born_in_chaos_v1:fried_maggot":1,"duneons:burstgale":3,"untamedwilds:material_fat":8,"duneons:necromancerball":1,"minecraft:cooked_beef":38,"minecraft:cooked_porkchop":4,"minecraft:diamond":1,"minecraft:crossbow":2,"minecraft:glow_berries":3,"minecraft:dark_oak_button":2,"minecraft:fletching_table":1,"travelersbackpack:iron_tier_upgrade":1,"born_in_chaos_v1:pieceofdarkmetal":1,"farmersdelight:beef_patty":5,"minecraft:leather_helmet":2,"born_in_chaos_v1:monster_flesh":1,"minecraft:dirt":36,"minecraft:grass":1,"minecraft:dark_oak_trapdoor":6,"duneons:bluebanner":1,"minecraft:bone_meal":1,"minecraft:iron_pickaxe":2,"minecraft:dark_oak_planks":1,"minecraft:white_wool":6,"untamedwilds:food_bear_raw":3,"minecraft:cyan_carpet":2,"minecraft:bone":13,"minecraft:waxed_cut_copper_slab":2,"minecraft:stone_axe":1,"minecraft:iron_nugget":2,"minecraft:cobbled_deepslate":658,"minecraft:wheat":2,"minecraft:obsidian":14,"tombstone:gift":2,"minecraft:rotten_flesh":296,"minecraft:enchanted_golden_apple":1,"minecraft:jungle_trapdoor":2,"minecraft:dark_oak_fence_gate":1,"duneons:bluekinghat_chestplate":2,"minecraft:jungle_stairs":6,"minecraft:leather_boots":1,"minecraft:spruce_slab":17,"stalwart_dungeons:transient_block_close":19,"minecraft:red_nether_bricks":2,"minecraft:glass":11,"minecraft:beef":1,"stalwart_dungeons:tungsten_ingot":2,"minecraft:stone_brick_stairs":2,"minecraft:enchanted_book":1,"minecraft:iron_ingot":57,"morebows:diamond_bow":3,"born_in_chaos_v1:shattered_skull":3,"minecraft:wheat_seeds":6,"minecraft:feather":4,"duneons:soul_scythe":1,"minecraft:iron_helmet":1,"minecraft:cobblestone":72,"galosphere:silver_upgrade_smithing_template":5,"minecraft:coal":73,"minecraft:lava_bucket":3,"born_in_chaos_v1:gnawed_bones":2,"duneons:bluekinghat_helmet":1,"travelersbackpack:blank_upgrade":1,"minecraft:diamond_helmet":1,"duneons:goatgear_helmet":1,"minecraft:smooth_stone":1,"minecraft:paper":9,"minecraft:string":3,"minecraft:polished_deepslate_wall":2,"minecraft:spruce_sapling":11,"minecraft:furnace":3,"minecraft:soul_soil":4,"minecraft:jungle_fence_gate":1,"minecraft:soul_torch":3,"minecraft:bowl":1,"minecraft:experience_bottle":3,"duneons:oakwoodbrew":3,"minecraft:chicken":2,"minecraft:polished_deepslate_slab":1,"minecraft:clay_ball":353,"minecraft:iron_boots":1,"minecraft:light_gray_concrete":4,"duneons:tikitorch":4,"minecraft:oak_sign":1,"minecraft:nether_bricks":5,"galosphere:silver_nugget":2,"minecraft:diamond_sword":1,"minecraft:cobblestone_slab":6,"soul_like_armors_reworked:darkknightsword":1,"minecraft:spruce_trapdoor":1,"minecraft:peony":2,"minecraft:bundle":3,"minecraft:spruce_planks":2,"minecraft:diamond_pickaxe":4,"minecraft:stone_bricks":4,"minecraft:spider_eye":3,"minecraft:bow":6,"minecraft:magenta_dye":15,"travelersbackpack:cake":1,"minecraft:magma_block":2968,"hmag:exp_berry":1,"minecraft:spruce_sign":1,"minecraft:moss_block":2,"minecraft:brown_mushroom":1,"minecraft:dark_oak_stairs":10,"minecraft:jungle_fence":2,"minecraft:leather":11,"minecraft:jungle_planks":26,"travelersbackpack:standard":1,"minecraft:black_banner":1,"paraglider:spirit_orb":16,"minecraft:flint":16,"tombstone:bag_of_seeds":2,"minecraft:dispenser":3,"minecraft:mutton":2,"minecraft:crimson_roots":1,"minecraft:snowball":164,"minecraft:pumpkin_pie":5,"minecraft:axolotl_bucket":1,"minecraft:gold_ingot":3,"minecraft:gravel":50,"minecraft:blackstone":138,"spelunkers_charm:candle_on_helmet":1,"born_in_chaos_v1:ethereal_spirit":3,"orcz:squig_eye":1,"minecraft:beetroot":4,"travelersbackpack:bat":1,"minecraft:honey_bottle":1,"hmag:randomberry":3,"travelersbackpack:gold_tier_upgrade":2,"born_in_chaos_v1:seedof_chaos":1,"minecraft:gunpowder":18,"minecraft:birch_trapdoor":4,"duneons:scattermines":2,"minecraft:chainmail_boots":1,"born_in_chaos_v1:corpse_maggot":13,"minecraft:chest":6,"vanillaplustools:stone_hammer":2,"minecraft:glowstone":26,"minecraft:arrow":208,"minecraft:netherrack":51,"minecraft:bread":190,"duneons:goatgear_chestplate":2,"minecraft:golden_helmet":2,"duneons:powerfulbow":2,"minecraft:poisonous_potato":2,"minecraft:golden_axe":2,"stalwart_dungeons:iron_hammer":2,"minecraft:observer":2,"minecraft:jungle_wood":2,"bossominium:the_bossdexium":1,"minecraft:stick":3,"duneons:golemruin":3,"duneons:vasehighland":1,"minecraft:milk_bucket":1,"minecraft:diorite":1,"tombstone:magic_scroll":1,"minecraft:torch":587,"hmag:copper_nugget":2,"tombstone:grave_key":1,"minecraft:repeater":3,"minecraft:smooth_quartz":7,"born_in_chaos_v1:fused_bone":4,"minecraft:iron_door":3,"duneons:dungeonscharredcobblestone":48,"farmersdelight:bacon":10,"minecraft:iron_leggings":1,"born_in_chaos_v1:lifestealer_bone":2,"duneons:mountaineeraxeiron":1,"minecraft:cyan_candle":2,"minecraft:bucket":3,"minecraft:redstone_block":3,"minecraft:redstone":91,"minecraft:polished_deepslate":1,"minecraft:nether_brick_slab":1,"minecraft:raw_copper":23,"duneons:keygold":1,"minecraft:raw_iron":15,"orcz:ironscrap":3,"travelersbackpack:diamond_tier_upgrade":1,"minecraft:shield":1,"aether:iron_gloves":1,"minecraft:iron_chestplate":1,"minecraft:mossy_stone_bricks":2,"minecraft:golden_leggings":1,"minecraft:oak_sapling":1,"orcz:squigs_claws":4,"minecraft:golden_sword":1,"minecraft:spruce_log":42,"travelersbackpack:hose_nozzle":1,"minecraft:stone_pickaxe":17,"duneons:crystalblue":1,"minecraft:calcite":4,"minecraft:raw_gold":20},"minecraft:broken":{"minecraft:golden_boots":2,"minecraft:diamond_helmet":1,"minecraft:iron_boots":1,"minecraft:iron_leggings":1,"minecraft:chainmail_boots":2,"duneons:bluekinghat_chestplate":1,"minecraft:iron_sword":5,"duneons:goatgear_chestplate":2,"vanillaplustools:stone_hammer":1,"minecraft:iron_axe":1,"minecraft:golden_helmet":1,"minecraft:leather_leggings":1,"minecraft:stone_pickaxe":2,"minecraft:diamond_boots":1,"duneons:goatgear_helmet":3,"minecraft:stone_axe":2,"minecraft:stone_shovel":1,"duneons:bluekinghat_helmet":1,"duneons:bluekinghat_leggings":2},"minecraft:mined":{"minecraft:dark_oak_planks":29,"minecraft:cherry_log":1,"minecraft:red_nether_bricks":10,"minecraft:obsidian":8,"duneons:charredstone":47,"minecraft:acacia_log":8,"minecraft:stone_brick_wall":1,"born_in_chaos_v1:dark_metal_deposit":1,"minecraft:jungle_log":13,"minecraft:hopper":7,"minecraft:nether_wart":25,"minecraft:red_stained_glass_pane":1,"minecraft:spawner":6,"minecraft:weeping_vines_plant":21,"minecraft:magma_block":1769,"minecraft:dark_oak_trapdoor":5,"minecraft:cobbled_deepslate":24,"minecraft:fire":22,"minecraft:moss_carpet":1,"minecraft:deepslate_lapis_ore":18,"minecraft:fletching_table":1,"minecraft:sculk_shrieker":1,"duneons:firepumkin":1,"minecraft:cave_vines":4,"minecraft:water_cauldron":1,"minecraft:dirt_path":6,"minecraft:small_amethyst_bud":1,"minecraft:light_gray_concrete":7,"minecraft:stripped_mangrove_wood":8,"minecraft:player_head":4,"minecraft:jungle_trapdoor":2,"minecraft:brown_mushroom":1,"minecraft:kelp_plant":10,"minecraft:smoker":4,"minecraft:soul_fire":4,"minecraft:powder_snow":20,"minecraft:torch":30,"minecraft:blast_furnace":13,"minecraft:nether_brick_slab":2,"minecraft:glass":9,"minecraft:damaged_anvil":2,"minecraft:repeater":9,"minecraft:jungle_wood":4,"minecraft:light_gray_stained_glass":6,"minecraft:wheat":142,"minecraft:stone_brick_stairs":6,"minecraft:grass":152,"minecraft:smooth_quartz":12,"minecraft:smooth_basalt":6,"born_in_chaos_v1:infernal_evil_pumpkin_s":1,"minecraft:stonecutter":2,"minecraft:red_mushroom_block":3,"duneons:dungeonscharreddirt":4,"duneons:crimsonroots":2,"minecraft:piston":4,"minecraft:deepslate":80,"minecraft:mossy_cobblestone":5,"duneons:ruingolem_3":1,"minecraft:dark_oak_log":2,"minecraft:nether_bricks":16,"minecraft:allium":10,"minecraft:spruce_fence":4,"minecraft:jungle_planks":9,"minecraft:crimson_roots":2,"minecraft:redstone_wire":27,"minecraft:crimson_button":1,"minecraft:cartography_table":1,"minecraft:red_mushroom":1,"minecraft:moss_block":25,"minecraft:kelp":6,"minecraft:black_stained_glass_pane":3,"minecraft:snow":41,"spelunkers_charm:deepslate_rock_pile_2":1,"minecraft:potatoes":15,"minecraft:cobblestone_slab":7,"minecraft:vine":5,"minecraft:bone_block":1,"minecraft:smithing_table":1,"minecraft:oak_slab":1,"minecraft:redstone_block":3,"minecraft:gray_concrete":3,"minecraft:soul_sand":39,"minecraft:observer":4,"minecraft:stone_brick_slab":1,"orcz:orcskull":1,"galosphere:deepslate_silver_ore":1,"minecraft:emerald_ore":10,"spelunkers_charm:dead_grass":4,"minecraft:warped_roots":1,"minecraft:tall_grass":2,"minecraft:copper_ore":4,"minecraft:deepslate_gold_ore":3,"minecraft:diorite":4,"minecraft:big_dripleaf":1,"minecraft:purple_bed":15,"minecraft:coarse_dirt":2,"travelersbackpack:magenta_sleeping_bag":1,"minecraft:cobblestone_wall":5,"minecraft:spruce_log":185,"minecraft:jungle_fence":6,"minecraft:dark_oak_button":1,"minecraft:gravel":24,"minecraft:cobweb":24,"minecraft:stone_bricks":79,"minecraft:polished_blackstone":1,"minecraft:deepslate_emerald_ore":1,"travelersbackpack:cake":5,"minecraft:fern":40,"minecraft:waxed_cut_copper_slab":2,"stalwart_dungeons:spore_vaporizer":6,"minecraft:spruce_planks":3,"minecraft:jungle_slab":4,"minecraft:sculk_vein":2,"minecraft:cobblestone_stairs":4,"minecraft:brewing_stand":2,"minecraft:spruce_trapdoor":5,"minecraft:cave_vines_plant":5,"minecraft:grass_block":34,"minecraft:soul_soil":10,"duneons:charredgrassblock":11,"minecraft:glowstone":45,"minecraft:iron_ore":127,"born_in_chaos_v1:black_argillite_brick_slab":1,"born_in_chaos_v1:black_argillite_brick_stairs":2,"minecraft:anvil":2,"minecraft:dark_oak_stairs":8,"minecraft:spruce_slab":8,"minecraft:green_bed":1,"minecraft:waxed_cut_copper_stairs":2,"minecraft:jungle_door":2,"minecraft:polished_blackstone_wall":1,"minecraft:blackstone":1028,"spelunkers_charm:basalt_rock_pile_1":1,"minecraft:medium_amethyst_bud":1,"stalwart_dungeons:transient_block_close":19,"minecraft:chiseled_quartz_block":4,"minecraft:jungle_stairs":6,"minecraft:calcite":24,"minecraft:poppy":1,"minecraft:chest":24,"minecraft:nether_quartz_ore":10,"minecraft:cobblestone":467,"minecraft:oak_planks":1,"minecraft:grindstone":3,"minecraft:iron_door":5,"minecraft:wall_torch":64,"minecraft:warped_nylium":6,"minecraft:birch_trapdoor":2,"minecraft:tnt":18,"minecraft:oak_log":10,"minecraft:beetroots":5,"minecraft:sand":88,"minecraft:dirt":80,"minecraft:dispenser":8,"minecraft:netherrack":397,"minecraft:oak_leaves":5,"minecraft:cyan_candle":1,"minecraft:nether_gold_ore":4,"minecraft:deepslate_diamond_ore":70,"minecraft:lever":3,"minecraft:ladder":4,"minecraft:weeping_vines":12,"minecraft:spruce_leaves":71,"minecraft:cracked_nether_bricks":1,"minecraft:sandstone":16,"minecraft:rooted_dirt":1,"minecraft:large_fern":41,"minecraft:hay_block":54,"minecraft:oak_trapdoor":4,"minecraft:furnace":21,"minecraft:carrots":15,"minecraft:dark_oak_fence_gate":1,"minecraft:peony":1,"minecraft:bell":1,"minecraft:bookshelf":67,"duneons:swamplog":2,"minecraft:deepslate_iron_ore":4,"duneons:tikitorch":2,"minecraft:stripped_jungle_log":2,"minecraft:packed_ice":8,"minecraft:stone":3252,"minecraft:snow_block":55,"minecraft:basalt":9,"travelersbackpack:standard":70,"minecraft:crafting_table":14,"duneons:snowstone":1,"minecraft:sculk_sensor":12,"minecraft:lectern":40,"born_in_chaos_v1:chipped_black_argillite_brick":1,"minecraft:lapis_ore":5,"minecraft:sculk":19,"untamedwilds:block_burrow":1,"minecraft:birch_planks":1,"minecraft:redstone_torch":2,"minecraft:black_wall_banner":1,"minecraft:sweet_berry_bush":7,"minecraft:ice":17,"minecraft:coal_ore":624,"minecraft:cherry_leaves":3,"minecraft:cyan_carpet":2,"minecraft:cracked_stone_bricks":12,"minecraft:small_dripleaf":1,"minecraft:mossy_stone_bricks":10,"minecraft:crimson_hyphae":1,"minecraft:jungle_wall_sign":2},"minecraft:killed_by":{"minecraft:player":2},"minecraft:custom":{"minecraft:interact_with_crafting_table":95,"minecraft:open_barrel":88,"minecraft:eat_cake_slice":23,"minecraft:leave_game":39,"minecraft:time_since_death":172135,"minecraft:damage_blocked_by_shield":3345,"minecraft:play_time":1825940,"minecraft:deaths":32,"minecraft:jump":26730,"minecraft:enchant_item":8,"minecraft:interact_with_furnace":341,"minecraft:traded_with_villager":1,"minecraft:interact_with_cartography_table":2,"minecraft:sleep_in_bed":94,"minecraft:waystone_activated":15,"minecraft:damage_dealt":108088,"tombstone:undead_killed":535,"minecraft:interact_with_smoker":7,"minecraft:inspect_dispenser":9,"minecraft:interact_with_smithing_table":23,"minecraft:interact_with_anvil":11,"minecraft:inspect_hopper":16,"minecraft:sneak_time":208686,"minecraft:interact_with_blast_furnace":44,"minecraft:total_world_time":1825940,"tombstone:raider_killed":16,"minecraft:tune_noteblock":6,"minecraft:interact_with_stonecutter":1,"minecraft:time_since_rest":6869,"minecraft:swim_one_cm":37086,"minecraft:fly_one_cm":3171240,"minecraft:open_chest":1234,"minecraft:fall_one_cm":464796,"minecraft:animals_bred":3,"minecraft:damage_resisted":7137,"minecraft:sprint_one_cm":2401339,"minecraft:drop":561,"minecraft:talked_to_villager":91,"minecraft:walk_on_water_one_cm":91386,"minecraft:player_kills":3,"minecraft:crouch_one_cm":691723,"minecraft:mob_kills":928,"minecraft:damage_dealt_resisted":5931,"minecraft:climb_one_cm":103281,"minecraft:walk_one_cm":6770284,"minecraft:walk_under_water_one_cm":78847,"minecraft:boat_one_cm":307586,"minecraft:interact_with_grindstone":8,"minecraft:damage_taken":36727,"minecraft:damage_absorbed":76},"minecraft:used":{"minecraft:beetroot":1,"minecraft:moss_block":23,"minecraft:dispenser":5,"minecraft:spruce_slab":6,"minecraft:ladder":5,"duneons:swamplog":2,"minecraft:chest":22,"minecraft:stone":86,"minecraft:rotten_flesh":2,"minecraft:soul_sand":8,"minecraft:jungle_slab":4,"minecraft:snowball":313,"minecraft:spruce_boat":1,"hmag:exp_berry":1,"duneons:rampartbrazier":1,"minecraft:dark_oak_button":1,"minecraft:stone_brick_stairs":3,"minecraft:sweet_berries":59,"minecraft:furnace":28,"untamedwilds:material_fat":20,"minecraft:egg":2,"minecraft:potato":80,"minecraft:mossy_stone_bricks":7,"minecraft:diorite":3,"minecraft:leather_leggings":1,"minecraft:damaged_anvil":1,"minecraft:spruce_door":1,"minecraft:blackstone":300,"minecraft:wooden_pickaxe":6,"minecraft:cookie":2,"minecraft:golden_apple":2,"minecraft:glow_berries":12,"minecraft:blast_furnace":12,"minecraft:gray_concrete":2,"minecraft:lectern":40,"minecraft:diamond_sword":468,"minecraft:fire_charge":1,"minecraft:smithing_table":1,"minecraft:birch_log":1,"minecraft:waxed_cut_copper_stairs":2,"minecraft:enchanting_table":1,"vanillaplustools:stone_hammer":259,"born_in_chaos_v1:fried_maggot":20,"travelersbackpack:bat":1,"minecraft:netherrack":374,"minecraft:torch":419,"minecraft:anvil":4,"farmersdelight:beef_patty":8,"tombstone:ankh_of_pray":3,"duneons:mountaineeraxeiron":35,"soul_like_armors_reworked:dagger":81,"minecraft:iron_axe":418,"minecraft:rooted_dirt":2,"minecraft:smooth_basalt":1,"minecraft:basalt":8,"tombstone:gift":10,"minecraft:cobbled_deepslate":375,"minecraft:observer":2,"minecraft:calcite":14,"minecraft:wheat_seeds":357,"farmersdelight:iron_knife":3,"minecraft:water_bucket":12,"minecraft:birch_planks":1,"minecraft:cracked_stone_bricks":10,"minecraft:mossy_cobblestone":5,"minecraft:oak_slab":7,"minecraft:crafting_table":16,"duneons:sanctumstonepatternedgildedtop":1,"minecraft:cake":2,"minecraft:spruce_log":33,"minecraft:oak_log":1,"minecraft:diamond_pickaxe":5319,"minecraft:stripped_jungle_log":1,"tombstone:tablet_of_assistance":1,"minecraft:iron_pickaxe":575,"tombstone:magic_scroll":7,"minecraft:spruce_trapdoor":4,"minecraft:spruce_sapling":1,"farmersdelight:cooked_bacon":11,"minecraft:cobblestone":2380,"travelersbackpack:standard":147,"minecraft:purple_bed":14,"minecraft:cooked_porkchop":14,"minecraft:kelp":31,"minecraft:moss_carpet":1,"stalwart_dungeons:iron_hammer":163,"minecraft:shield":57,"minecraft:iron_sword":1787,"minecraft:player_head":4,"minecraft:iron_chestplate":1,"minecraft:jungle_planks":9,"minecraft:carrot":158,"minecraft:obsidian":10,"minecraft:big_dripleaf":1,"minecraft:glass":328,"born_in_chaos_v1:corpse_maggot":30,"minecraft:crimson_button":1,"minecraft:lantern":1,"duneons:dungeonscharredcobblestone":1,"born_in_chaos_v1:gnawed_bones":1,"minecraft:stone_bricks":78,"minecraft:item_frame":1,"minecraft:deepslate_diamond_ore":2,"minecraft:beetroot_seeds":11,"orcz:orcskull":1,"minecraft:jungle_fence":20,"minecraft:stone_pickaxe":486,"minecraft:oak_planks":4,"minecraft:sandstone":5,"minecraft:stone_brick_wall":1,"waystones:waystone":13,"minecraft:lever":4,"minecraft:dark_oak_log":2,"minecraft:light_gray_concrete":1,"minecraft:bread":288,"tombstone:grave_key":8,"minecraft:iron_door":1,"minecraft:gravel":14,"farmersdelight:ham":1,"bossominium:charred_steak":2,"minecraft:chainmail_boots":1,"minecraft:grindstone":3,"immersive_aircraft:gyrodyne":1,"minecraft:bone_meal":2274,"minecraft:coarse_dirt":2,"minecraft:experience_bottle":1,"minecraft:cobweb":3,"minecraft:flint_and_steel":3,"minecraft:white_tulip":1,"minecraft:stone_shovel":174,"minecraft:redstone":3,"morebows:diamond_bow":224,"minecraft:spruce_planks":17,"soul_like_armors_reworked:estusflask":17,"minecraft:cooked_chicken":2,"minecraft:dirt":157,"minecraft:hopper":7,"minecraft:cobblestone_wall":7,"minecraft:spruce_fence":1,"duneons:soul_scythe":3,"minecraft:iron_hoe":44,"minecraft:dark_oak_planks":17,"minecraft:bookshelf":27,"travelersbackpack:cake":9,"minecraft:cooked_beef":64,"minecraft:enchanted_golden_apple":2,"minecraft:cooked_mutton":5,"minecraft:cobblestone_stairs":47,"minecraft:red_nether_bricks":4,"minecraft:baked_potato":6,"minecraft:brown_mushroom":1,"minecraft:spruce_sign":3,"minecraft:stonecutter":2,"minecraft:green_bed":1,"minecraft:cobblestone_slab":32,"minecraft:jungle_wood":2,"farmersdelight:onion":4,"minecraft:painting":1,"hmag:spectral_soup":1,"minecraft:apple":33,"minecraft:jungle_stairs":3,"minecraft:stone_axe":228,"minecraft:jungle_door":1,"minecraft:bucket":13,"minecraft:pumpkin_pie":3}},"DataVersion":3465}