{"stats":{"minecraft:crafted":{"minecraft:smooth_stone":8,"minecraft:jungle_fence_gate":1,"travelersbackpack:crafting_upgrade":1,"minecraft:bookshelf":27,"minecraft:cooked_mutton":5,"minecraft:glass":286,"minecraft:diamond_helmet":2,"minecraft:diamond_leggings":1,"galosphere:silver_ingot":11,"vanillaplustools:stone_shovel":1,"minecraft:magenta_dye":8,"minecraft:cooked_porkchop":22,"travelersbackpack:standard":3,"farmersdelight:beef_patty":8,"minecraft:iron_pickaxe":5,"minecraft:iron_block":9,"minecraft:gold_ingot":4,"farmersdelight:cooked_bacon":10,"minecraft:spruce_fence_gate":1,"minecraft:stone_shovel":13,"vanillaplustools:stone_hammer":3,"minecraft:iron_nugget":9,"minecraft:bone_meal":2007,"minecraft:spruce_fence":24,"travelersbackpack:blank_upgrade":8,"travelersbackpack:gold_tier_upgrade":2,"minecraft:diamond":10,"travelersbackpack:cake":2,"minecraft:spruce_slab":6,"minecraft:stone_pickaxe":13,"minecraft:diamond_boots":2,"minecraft:jungle_fence":18,"minecraft:golden_helmet":2,"aether:skyroot_planks":84,"minecraft:wheat":477,"minecraft:enchanting_table":1,"minecraft:glowstone":26,"minecraft:enchanted_book":1,"soul_like_armors_reworked:spear":1,"minecraft:iron_leggings":2,"bossominium:charred_steak":2,"minecraft:oak_planks":60,"minecraft:cobblestone_slab":54,"minecraft:cooked_chicken":1,"minecraft:cobblestone_stairs":60,"minecraft:stone":346,"soul_like_armors_reworked:sickle":1,"minecraft:hopper":3,"minecraft:bow":12,"minecraft:iron_boots":2,"minecraft:chest":16,"stalwart_dungeons:iron_hammer":2,"morebows:iron_bow":2,"minecraft:stone_bricks":152,"galosphere:silver_upgrade_smithing_template":8,"minecraft:golden_boots":1,"minecraft:oak_slab":6,"travelersbackpack:iron_tier_upgrade":2,"minecraft:crafting_table":4,"minecraft:spruce_planks":452,"minecraft:wooden_pickaxe":1,"minecraft:baked_potato":17,"minecraft:iron_helmet":2,"soul_like_armors_reworked:soldiertrident":1,"aether:skyroot_slab":168,"minecraft:iron_chestplate":1,"minecraft:charcoal":7,"minecraft:diamond_pickaxe":4,"minecraft:shield":1,"minecraft:stick":384,"minecraft:iron_ingot":377,"morebows:diamond_bow":3,"minecraft:shears":1,"minecraft:cherry_planks":16,"minecraft:furnace":9,"minecraft:blast_furnace":2,"minecraft:flint_and_steel":2,"minecraft:iron_axe":3,"born_in_chaos_v1:fried_maggot":22,"minecraft:cobblestone_wall":36,"travelersbackpack:diamond_tier_upgrade":2,"minecraft:cooked_beef":64,"minecraft:sugar":4,"minecraft:diamond_sword":2,"minecraft:iron_trapdoor":3,"minecraft:spruce_sign":9,"travelersbackpack:backpack_tank":6,"minecraft:iron_sword":6,"tombstone:ankh_of_pray":2,"soul_like_armors_reworked:dragonslayeraxe":1,"minecraft:bucket":5,"minecraft:stone_axe":3,"minecraft:air":0,"minecraft:bread":446,"minecraft:jungle_planks":84,"minecraft:white_wool":5,"immersive_aircraft:gyrodyne":1,"minecraft:anvil":2,"minecraft:acacia_planks":16,"minecraft:torch":892,"minecraft:clay":1,"minecraft:diamond_chestplate":1},"minecraft:custom":{"minecraft:interact_with_crafting_table":96,"minecraft:open_barrel":98,"minecraft:eat_cake_slice":23,"minecraft:leave_game":41,"minecraft:time_since_death":63747,"minecraft:damage_blocked_by_shield":3345,"minecraft:play_time":2323941,"minecraft:deaths":35,"minecraft:jump":31683,"minecraft:enchant_item":20,"minecraft:interact_with_furnace":373,"minecraft:traded_with_villager":1,"minecraft:interact_with_cartography_table":2,"minecraft:sleep_in_bed":116,"minecraft:waystone_activated":15,"minecraft:damage_dealt":138567,"tombstone:undead_killed":914,"minecraft:interact_with_smoker":17,"minecraft:inspect_dispenser":9,"minecraft:interact_with_smithing_table":24,"minecraft:interact_with_anvil":15,"minecraft:inspect_hopper":25,"minecraft:sneak_time":278113,"minecraft:interact_with_blast_furnace":101,"minecraft:total_world_time":2323941,"tombstone:raider_killed":19,"minecraft:tune_noteblock":6,"minecraft:interact_with_stonecutter":2,"minecraft:time_since_rest":10692,"minecraft:swim_one_cm":37086,"minecraft:fly_one_cm":3813705,"minecraft:open_chest":1802,"minecraft:fall_one_cm":549715,"minecraft:animals_bred":3,"minecraft:damage_resisted":11707,"minecraft:sprint_one_cm":2914638,"minecraft:drop":736,"minecraft:talked_to_villager":95,"minecraft:walk_on_water_one_cm":123006,"minecraft:player_kills":3,"minecraft:crouch_one_cm":890962,"minecraft:mob_kills":1426,"minecraft:damage_dealt_resisted":5931,"minecraft:climb_one_cm":107516,"minecraft:walk_one_cm":8256034,"minecraft:walk_under_water_one_cm":78847,"minecraft:boat_one_cm":307586,"minecraft:raid_trigger":1,"minecraft:interact_with_grindstone":17,"minecraft:damage_taken":47877,"minecraft:damage_absorbed":76},"minecraft:killed":{"minecraft:cave_spider":33,"born_in_chaos_v1:mr_pumpkin":2,"orcz:goblinshield":1,"born_in_chaos_v1:zombie_lumberjack":1,"born_in_chaos_v1:restless_spirit":6,"born_in_chaos_v1:skeleton_demoman":1,"born_in_chaos_v1:door_knight_not_despawn":1,"born_in_chaos_v1:sir_the_headless":1,"enemyexpansion:equestrian":3,"born_in_chaos_v1:siamese_skeletonsright":5,"born_in_chaos_v1:baby_skeleton_minion":2,"hmag:ghastly_seeker":1,"minecraft:skeleton":700,"minecraft:chicken":3,"hmag:redcap":2,"duneons:piglinthrower":6,"aether:blue_swet":2,"aether:moa":2,"enemyexpansion:vampflyer":1,"minecraft:magma_cube":5,"born_in_chaos_v1:bone_imp":3,"stalwart_dungeons:giddy_blaze":22,"orcz:goblinwerid":1,"hmag:snow_canine":1,"aether:sheepuff":1,"orcz:orcsavage_2swordiron":1,"minecraft:pillager":19,"minecraft:zombie":47,"born_in_chaos_v1:corpse_fly":29,"hmag:melty_monster":1,"enemyexpansion:botfly":17,"orcz:bigorcboss":1,"untamedwilds:bison":10,"orcz:orcsavage_2sword":2,"minecraft:cow":23,"aether:mimic":4,"hmag:creeper_girl":3,"aether:golden_swet":2,"hmag:skeleton_girl":3,"born_in_chaos_v1:pumpkinhead":1,"born_in_chaos_v1:dire_hound_leader":1,"hmag:zombie_girl":5,"duneons:squallgolem":7,"stalwart_dungeons:nether_wart_cocoon":9,"orcz:orcsavagemace":2,"hmag:dullahan":2,"born_in_chaos_v1:spiritof_chaos":2,"minecraft:husk":34,"untamedwilds:newt":2,"enemyexpansion:sprinter":7,"untamedwilds:big_cat":1,"born_in_chaos_v1:decrepit_skeleton":17,"born_in_chaos_v1:dark_vortex":2,"minecraft:enderman":1,"duneons:enchanted_zombie":6,"minecraft:zombified_piglin":15,"minecraft:spider":12,"born_in_chaos_v1:scarlet_persecutor":3,"orcz:squig":3,"minecraft:piglin_brute":15,"duneons:enchanted_creeper":6,"duneons:keygolem":1,"minecraft:piglin":2,"born_in_chaos_v1:bonescaller":1,"minecraft:pig":9,"enemyexpansion:ladybug":1,"born_in_chaos_v1:diamond_termite":8,"orcz:goblinsavagemace":4,"untamedwilds:boar":2,"hmag:kasha":1,"hmag:wither_ghost":7,"minecraft:strider":3,"irons_spellbooks:necromancer":3,"minecraft:creeper":16,"aether:aechor_plant":2,"duneons:mountaineer":24,"minecraft:sheep":1,"untamedwilds:bear":1,"aether:zephyr":19,"born_in_chaos_v1:zombie_fisherman":1,"born_in_chaos_v1:dread_hound":5,"minecraft:ghast":2,"hmag:alraune":1,"untamedwilds:rhino":1,"orcz:snot":1,"orcz:orcshield":2,"enemyexpansion:wasp":2,"born_in_chaos_v1:siamese_skeletonsleft":4,"minecraft:blaze":12,"minecraft:vex":1,"enemyexpansion:direwolf":18,"born_in_chaos_v1:zombie_bruiser":4,"born_in_chaos_v1:maggot":54,"hmag:jack_frost":2,"aether:valkyrie":4,"aether:aerbunny":1,"enemyexpansion:goblin":3,"born_in_chaos_v1:siamese_skeletons":2,"aether:slider":1,"born_in_chaos_v1:fallen_chaos_knight":1,"hmag:ghost":5,"born_in_chaos_v1:baby_skeleton":5,"duneons:redstone_pigman_monstrosity":1,"born_in_chaos_v1:swarmer":2,"aether:cockatrice":2,"minecraft:bat":1,"aether:flying_cow":1,"born_in_chaos_v1:phantom_creeper_copy":2,"born_in_chaos_v1:decaying_zombie":1,"enemyexpansion:huntsman":4,"orcz:goblin_2sword":1,"minecraft:wither_skeleton":15,"hmag:cursed_doll":1,"enemyexpansion:slugger":2},"minecraft:killed_by":{"minecraft:player":2},"minecraft:picked_up":{"aether:carved_stone":9,"paraglider:goddess_statue":1,"aether:ambrosium_torch":3,"minecraft:iron_chestplate":3,"minecraft:suspicious_stew":1,"minecraft:chainmail_boots":5,"duneons:t_market_booth_wide_02":1,"minecraft:anvil":8,"minecraft:smithing_table":1,"minecraft:diamond_sword":2,"minecraft:wither_rose":2,"minecraft:enchanted_book":5,"duneons:oakwoodbrew":2,"minecraft:brewing_stand":2,"minecraft:golden_sword":4,"minecraft:polished_deepslate_wall":2,"minecraft:polished_deepslate":1,"minecraft:soul_soil":10,"minecraft:string":85,"minecraft:dark_oak_trapdoor":6,"duneons:goatgear_helmet":2,"minecraft:red_nether_bricks":6,"minecraft:beetroot":5,"minecraft:gold_nugget":36,"minecraft:cobbled_deepslate":1356,"minecraft:spruce_planks":138,"duneons:lavabrickblock":4,"minecraft:coal_block":1,"minecraft:golden_helmet":8,"orcz:orcskull":3,"born_in_chaos_v1:shattered_skull":4,"duneons:bluebookitem":2,"minecraft:big_dripleaf":1,"minecraft:acacia_log":11,"minecraft:green_bed":1,"minecraft:golden_axe":3,"minecraft:cherry_log":1,"born_in_chaos_v1:black_argillite_brick_stairs":2,"aether:skyroot_pickaxe":2,"minecraft:golden_chestplate":2,"minecraft:cauldron":1,"minecraft:waxed_cut_copper_stairs":2,"minecraft:stone_sword":1,"minecraft:honey_bottle":1,"farmersdelight:onion":3,"duneons:mossstoneblock":7,"duneons:soul_scythe":2,"minecraft:glowstone":1,"duneons:scarecrow":1,"duneons:vasehighland":1,"duneons:goldmace":1,"minecraft:blaze_rod":34,"minecraft:iron_bars":2,"minecraft:snowball":598,"minecraft:birch_log":1,"duneons:crystalblue":3,"minecraft:magma_block":3004,"minecraft:feather":11,"minecraft:cooked_beef":55,"orcz:orcteeth":50,"minecraft:iron_door":4,"minecraft:water_bucket":1,"minecraft:jungle_log":21,"minecraft:jungle_wood":4,"minecraft:smoker":4,"duneons:bluekinghat_leggings":2,"duneons:snowcobblestone":1,"minecraft:flint":27,"travelersbackpack:ocelot":11,"born_in_chaos_v1:black_argillite_button":1,"farmersdelight:cooked_bacon":1,"minecraft:gray_concrete":3,"travelersbackpack:gold_tier_upgrade":1,"duneons:scattermines":1,"aether:sentry_stone":1,"aether:icestone":126,"minecraft:lantern":2,"minecraft:stonecutter":3,"soul_like_armors_reworked:dark_knight_helmet":2,"minecraft:dark_oak_sign":1,"soul_like_armors_reworked:rustysteel_boots":1,"hmag:exp_berry":3,"minecraft:diamond_helmet":1,"immersive_aircraft:sail":2,"minecraft:glowstone_dust":125,"galosphere:raw_silver":13,"minecraft:moss_block":27,"duneons:crimsonroots":2,"aether:angelic_stone":4,"aether:zanite_gemstone":12,"spelunkers_charm:candle_on_helmet":3,"minecraft:dark_oak_log":7,"minecraft:iron_hoe":1,"minecraft:bundle":21,"stalwart_dungeons:spore_vaporizer":3,"minecraft:dispenser":8,"minecraft:lever":6,"bossominium:the_bossdexium":2,"duneons:lamppostdown":3,"aether:swet_ball":4,"minecraft:chainmail_helmet":2,"minecraft:bread":275,"minecraft:rooted_dirt":2,"duneons:redbookitem":3,"aether:blue_aercloud":4,"minecraft:crimson_roots":2,"minecraft:diamond_pickaxe":3,"minecraft:crafting_table":17,"minecraft:coarse_dirt":2,"duneons:shopkeeperleather":1,"minecraft:nether_wart":87,"minecraft:clay_ball":363,"born_in_chaos_v1:seedof_chaos":3,"minecraft:leather_leggings":4,"aether:aether_dirt":20,"duneons:goldcandle":3,"duneons:campcubesblock":1,"minecraft:jungle_trapdoor":2,"aether:skyroot_slab":4,"minecraft:polished_blackstone_wall":2,"minecraft:cracked_stone_bricks":11,"farmersdelight:beef_patty":5,"minecraft:cartography_table":1,"minecraft:deepslate_diamond_ore":2,"aether:valkyrie_leggings":1,"minecraft:beef":23,"minecraft:minecart":4,"born_in_chaos_v1:gnawed_bones":4,"minecraft:spruce_slab":17,"minecraft:jungle_sapling":1,"minecraft:iron_nugget":3,"minecraft:chest":47,"duneons:bookshelfdun":1,"minecraft:piston":9,"duneons:t_wooden_chest":2,"minecraft:egg":6,"minecraft:sandstone":16,"orcz:squig_eye":1,"minecraft:polished_deepslate_slab":1,"minecraft:stone":2,"duneons:lightbookitem":2,"minecraft:spruce_fence":6,"minecraft:fire_charge":1,"duneons:dustybookshelf":1,"orcz:orchorn":1,"duneons:sanctumstonepatternedgildedtop":1,"born_in_chaos_v1:pieceofdarkmetal":6,"minecraft:carrot":57,"minecraft:redstone":63,"minecraft:jungle_sign":2,"duneons:dungeonbarrel":3,"untamedwilds:hide_white":3,"minecraft:tnt":18,"aether:skyroot_log":21,"minecraft:diamond_chestplate":1,"minecraft:beetroot_seeds":13,"minecraft:peony":2,"minecraft:hay_block":53,"minecraft:gold_ingot":25,"tombstone:essence_of_undeath":4,"minecraft:polished_blackstone":1,"minecraft:rail":1,"minecraft:glow_berries":4,"minecraft:mutton":4,"minecraft:bone_block":1,"immersive_aircraft:hull":2,"minecraft:white_wool":8,"duneons:dungeonscharreddirt":3,"born_in_chaos_v1:monster_flesh":12,"born_in_chaos_v1:pumpkin_staff":1,"minecraft:jungle_fence":7,"minecraft:red_mushroom":5,"minecraft:filled_map":1,"duneons:testillager":1,"spelunkers_charm:old_miners_bundle":1,"minecraft:oak_log":16,"minecraft:golden_boots":2,"duneons:eminencefungussprout":2,"minecraft:paper":11,"minecraft:white_banner":1,"tombstone:gift":2,"hmag:fire_bottle":1,"duneons:charredgrassblock":10,"minecraft:stone_bricks":81,"travelersbackpack:cake":20,"minecraft:kelp":158,"minecraft:stone_pickaxe":39,"duneons:tablesmall":1,"duneons:mountaineeraxeiron":1,"tombstone:bag_of_seeds":10,"minecraft:iron_sword":5,"minecraft:dark_oak_stairs":10,"minecraft:milk_bucket":2,"minecraft:smooth_basalt":53,"duneons:dungeonscharredcobblestone":49,"minecraft:sweet_berries":33,"aether:enchanted_dart":8,"born_in_chaos_v1:ethereal_spirit":21,"minecraft:cracked_nether_bricks":1,"minecraft:gravel":254,"duneons:necromancerball":2,"aether:zanite_pickaxe":1,"minecraft:spruce_sapling":11,"born_in_chaos_v1:fangofthe_hound_leader":1,"minecraft:spruce_log":223,"minecraft:leather_helmet":5,"travelersbackpack:standard":80,"untamedwilds:hide_gray":2,"minecraft:purple_bed":15,"minecraft:slime_ball":2,"minecraft:stone_axe":1,"hmag:randomberry":2,"minecraft:diamond_axe":1,"minecraft:painting":5,"minecraft:warped_roots":2,"minecraft:baked_potato":6,"minecraft:melon_seeds":8,"minecraft:hopper":18,"minecraft:ender_pearl":1,"irons_spellbooks:scroll":1,"minecraft:wheat":255,"travelersbackpack:bat":2,"minecraft:redstone_block":3,"aether:iron_gloves":3,"enemyexpansion:wasp_thorax":2,"minecraft:nether_brick":49,"minecraft:stone_brick_stairs":5,"soul_like_armors_reworked:rustysteel_chestplate":1,"minecraft:waxed_cut_copper_slab":2,"minecraft:raw_copper":95,"minecraft:experience_bottle":4,"minecraft:oak_sign":1,"irons_spellbooks:arcane_essence":5,"immersive_aircraft:propeller":1,"minecraft:smooth_stone":5,"minecraft:bucket":2,"minecraft:white_tulip":1,"minecraft:red_dye":3,"minecraft:redstone_torch":3,"minecraft:cobblestone_slab":26,"minecraft:calcite":18,"minecraft:iron_pickaxe":1,"minecraft:smooth_quartz":18,"irons_spellbooks:inscription_table":1,"minecraft:blue_wool":4,"farmersdelight:cabbage_seeds":6,"minecraft:iron_boots":2,"minecraft:furnace":30,"minecraft:stick":17,"minecraft:jungle_door":1,"minecraft:birch_trapdoor":4,"born_in_chaos_v1:phantom_powder":3,"minecraft:torch":248,"hmag:diamond_fragment":3,"minecraft:porkchop":18,"minecraft:snow_block":1,"minecraft:crimson_button":1,"orcz:squigs_claws":7,"tombstone:grave_dust":153,"minecraft:diorite":4,"duneons:endermanstatue":3,"aether:white_moa_egg":1,"duneons:firepumkin":2,"minecraft:rotten_flesh":310,"duneons:bluebanner":2,"duneons:stackofbooks":1,"aether:iron_ring":1,"aether:gravitite_ore":4,"minecraft:obsidian":30,"morebows:diamond_bow":1,"minecraft:cobblestone":5296,"minecraft:leather_chestplate":5,"hmag:copper_nugget":4,"duneons:ironamulete":1,"duneons:ancientruinebrickstwo":1,"minecraft:repeater":12,"minecraft:golden_leggings":3,"minecraft:chiseled_quartz_block":4,"minecraft:potato":56,"duneons:burstgale":2,"paraglider:spirit_orb":29,"minecraft:magenta_dye":7,"duneons:purplevangardpotion":1,"minecraft:wither_skeleton_skull":2,"minecraft:dirt":232,"minecraft:lapis_lazuli":219,"duneons:golemruin":5,"travelersbackpack:hose_nozzle":1,"born_in_chaos_v1:monster_skin":6,"minecraft:leather_boots":3,"minecraft:glass":63,"minecraft:bone":685,"travelersbackpack:backpack_tank":2,"minecraft:bow":56,"duneons:mushroomfoods":1,"minecraft:wheat_seeds":1161,"aether:holystone":1044,"minecraft:raw_gold":5,"minecraft:cobbled_deepslate_slab":36,"minecraft:bell":1,"minecraft:grindstone":7,"aether:cold_aercloud":18,"minecraft:fletching_table":3,"tombstone:scroll_of_reach":1,"minecraft:mossy_stone_bricks":12,"minecraft:cyan_candle":2,"duneons:spike_plates":1,"minecraft:oak_planks":1,"duneons:anvilwithhammer":1,"duneons:red_stone_golem_skull":1,"minecraft:cooked_porkchop":2,"minecraft:music_disc_13":1,"duneons:arrowtarget":1,"hmag:soul_powder":14,"minecraft:axolotl_bucket":2,"minecraft:poisonous_potato":2,"minecraft:sand":261,"minecraft:jungle_planks":23,"farmersdelight:ham":1,"minecraft:jungle_slab":4,"minecraft:mossy_cobblestone":5,"galosphere:silver_nugget":24,"aether:bronze_dungeon_key":1,"minecraft:light_gray_concrete":7,"aether:golden_amber":1,"soul_like_armors_reworked:dark_knight_boots":2,"born_in_chaos_v1:fire_dust":1,"minecraft:diamond":130,"minecraft:spruce_boat":1,"waystones:waystone":11,"aether:ambrosium_shard":4,"minecraft:crossbow":3,"minecraft:bone_meal":58,"minecraft:emerald":34,"minecraft:spruce_sign":4,"orcz:ironscrap":10,"minecraft:netherrack":512,"minecraft:oak_sapling":7,"aether:aechor_petal":3,"minecraft:cocoa_beans":15,"born_in_chaos_v1:diamond_termite_shard":9,"minecraft:allium":8,"minecraft:chicken":4,"minecraft:ladder":5,"duneons:swamplog":2,"minecraft:brown_mushroom":4,"minecraft:packed_ice":1,"minecraft:stone_brick_wall":1,"soul_like_armors_reworked:darkknightsword":1,"minecraft:chain":1,"minecraft:shield":1,"aether:leather_gloves":2,"minecraft:moss_carpet":1,"untamedwilds:food_bear_raw":6,"minecraft:item_frame":1,"minecraft:blackstone":1647,"minecraft:cyan_carpet":2,"minecraft:candle":6,"duneons:bookshelfvangard":2,"minecraft:player_head":5,"minecraft:observer":3,"bossominium:vex_wing":1,"aether:treasure_chest":1,"minecraft:light_gray_wool":4,"minecraft:lectern":43,"minecraft:sugar_cane":12,"duneons:sawstone":1,"minecraft:spruce_trapdoor":15,"minecraft:raw_iron":334,"minecraft:stripped_mangrove_wood":4,"minecraft:stone_button":1,"minecraft:cookie":1,"duneons:skeletonspear":1,"minecraft:dark_oak_planks":29,"soul_like_armors_reworked:estusflask":133,"minecraft:arrow":1167,"minecraft:weeping_vines":19,"minecraft:pumpkin_pie":1,"minecraft:jungle_stairs":9,"minecraft:nether_bricks":18,"minecraft:black_banner":1,"minecraft:saddle":2,"aether:purple_flower":2,"duneons:barricade":8,"duneons:goatgear_chestplate":2,"minecraft:skeleton_skull":1,"born_in_chaos_v1:fused_bone":8,"aether:mossy_holystone":5,"duneons:bluekinghat_chestplate":3,"born_in_chaos_v1:corpse_maggot":93,"hmag:emerald_fragment":1,"minecraft:basalt":8,"minecraft:dark_oak_button":3,"minecraft:leather":80,"minecraft:birch_planks":1,"minecraft:chainmail_chestplate":1,"immersive_aircraft:gyrodyne":2,"minecraft:gunpowder":43,"minecraft:cobblestone_wall":12,"minecraft:cobblestone_stairs":22,"duneons:standfortorch":2,"untamedwilds:material_fat":26,"spelunkers_charm:basalt_rock":1,"minecraft:iron_ingot":24,"minecraft:cooked_chicken":1,"aether:victory_medal":8,"immersive_aircraft:airship":1,"aether:black_moa_egg":1,"duneons:stonetablemap":1,"minecraft:soul_sand":32,"minecraft:book":206,"stalwart_dungeons:transient_block_close":19,"aether:invisibility_cloak":1,"aether:white_flower":2,"minecraft:oak_slab":1,"duneons:totemblock":1,"born_in_chaos_v1:lifestealer_bone":2,"minecraft:stone_brick_slab":1,"minecraft:quartz":10,"stalwart_dungeons:tungsten_ingot":1,"minecraft:lava_bucket":4,"duneons:powerfulbow":2,"born_in_chaos_v1:dark_rod":4,"minecraft:amethyst_shard":2,"minecraft:blast_furnace":14,"aether:valkyrie_boots":1,"minecraft:nether_brick_slab":1,"minecraft:spruce_door":1,"minecraft:dark_oak_fence_gate":1,"duneons:bluekinghat_helmet":2,"minecraft:spider_eye":14,"duneons:wood_stronghold":1,"minecraft:stripped_jungle_log":1,"minecraft:pumpkin_seeds":33,"minecraft:iron_helmet":1,"vanillaplustools:stone_hammer":3,"hmag:lemon":1,"duneons:tikitorch":4,"aether:hammer_of_kingbdogz":1,"aether:golden_dart":12,"duneons:keygold":1,"tombstone:magic_scroll":18,"minecraft:damaged_anvil":4,"minecraft:black_wool":4,"soul_like_armors_reworked:rustysteel_leggings":2,"minecraft:coal":1008},"minecraft:broken":{"minecraft:golden_boots":2,"minecraft:diamond_helmet":2,"minecraft:iron_boots":1,"aether:neptune_gloves":1,"minecraft:iron_leggings":2,"minecraft:chainmail_boots":2,"duneons:bluekinghat_chestplate":1,"aether:neptune_leggings":1,"minecraft:iron_sword":5,"duneons:goatgear_chestplate":2,"minecraft:diamond_leggings":1,"vanillaplustools:stone_hammer":1,"minecraft:iron_axe":2,"minecraft:golden_helmet":1,"minecraft:leather_leggings":1,"minecraft:stone_pickaxe":2,"minecraft:diamond_boots":2,"duneons:goatgear_helmet":3,"minecraft:stone_axe":2,"minecraft:stone_shovel":1,"minecraft:diamond_chestplate":2,"duneons:bluekinghat_helmet":2,"duneons:bluekinghat_leggings":2},"minecraft:dropped":{"stalwart_dungeons:spore_vaporizer":3,"minecraft:iron_sword":3,"minecraft:piston":4,"orcz:orcskull":1,"minecraft:porkchop":5,"born_in_chaos_v1:fried_maggot":1,"minecraft:stripped_mangrove_wood":4,"duneons:burstgale":3,"untamedwilds:material_fat":8,"duneons:necromancerball":1,"minecraft:cooked_porkchop":4,"minecraft:cooked_beef":38,"minecraft:diamond":1,"minecraft:crossbow":3,"minecraft:glow_berries":3,"minecraft:dark_oak_button":2,"minecraft:fletching_table":1,"travelersbackpack:iron_tier_upgrade":1,"soul_like_armors_reworked:dark_knight_boots":1,"born_in_chaos_v1:pieceofdarkmetal":2,"farmersdelight:beef_patty":5,"minecraft:leather_helmet":5,"born_in_chaos_v1:monster_flesh":1,"minecraft:dirt":37,"minecraft:grass":1,"minecraft:dark_oak_trapdoor":6,"duneons:bluebanner":1,"minecraft:jungle_sapling":1,"minecraft:bone_meal":1,"minecraft:iron_pickaxe":2,"minecraft:dark_oak_planks":4,"minecraft:white_wool":6,"untamedwilds:food_bear_raw":3,"minecraft:cyan_carpet":2,"minecraft:bone":26,"minecraft:waxed_cut_copper_slab":2,"minecraft:stone_axe":1,"minecraft:iron_nugget":2,"minecraft:cobbled_deepslate":658,"duneons:campcubesblock":1,"tombstone:gift":2,"minecraft:obsidian":14,"minecraft:wheat":2,"minecraft:rotten_flesh":332,"minecraft:oak_planks":4,"minecraft:enchanted_golden_apple":1,"minecraft:jungle_trapdoor":2,"minecraft:dark_oak_fence_gate":1,"duneons:bluekinghat_chestplate":2,"minecraft:jungle_stairs":6,"minecraft:leather_boots":3,"soul_like_armors_reworked:dark_knight_helmet":1,"minecraft:leather_leggings":2,"minecraft:spruce_slab":17,"stalwart_dungeons:transient_block_close":19,"minecraft:red_nether_bricks":2,"minecraft:glass":11,"minecraft:beef":1,"stalwart_dungeons:tungsten_ingot":2,"minecraft:stone_brick_stairs":2,"aether:invisibility_cloak":1,"minecraft:enchanted_book":1,"minecraft:golden_boots":1,"minecraft:iron_ingot":57,"born_in_chaos_v1:shattered_skull":3,"morebows:diamond_bow":3,"minecraft:wheat_seeds":8,"minecraft:feather":7,"duneons:soul_scythe":1,"minecraft:cobblestone":330,"minecraft:iron_helmet":1,"galosphere:silver_upgrade_smithing_template":5,"minecraft:coal":137,"minecraft:lava_bucket":3,"born_in_chaos_v1:gnawed_bones":2,"duneons:bluekinghat_helmet":1,"travelersbackpack:blank_upgrade":1,"minecraft:diamond_helmet":1,"duneons:goatgear_helmet":1,"minecraft:smooth_stone":1,"minecraft:paper":11,"minecraft:string":50,"minecraft:polished_deepslate_wall":2,"minecraft:spruce_sapling":12,"minecraft:furnace":3,"minecraft:soul_soil":4,"minecraft:jungle_fence_gate":1,"aether:lightning_knife":1,"minecraft:soul_torch":3,"minecraft:bowl":1,"minecraft:experience_bottle":3,"duneons:oakwoodbrew":3,"minecraft:chicken":2,"minecraft:polished_deepslate_slab":1,"aether:hammer_of_kingbdogz":1,"minecraft:clay_ball":359,"minecraft:iron_boots":1,"minecraft:light_gray_concrete":4,"duneons:tikitorch":4,"minecraft:oak_sign":1,"minecraft:nether_bricks":5,"galosphere:silver_nugget":2,"minecraft:suspicious_stew":1,"minecraft:diamond_sword":1,"minecraft:cobblestone_slab":6,"minecraft:stone":1,"soul_like_armors_reworked:darkknightsword":1,"minecraft:spruce_trapdoor":1,"minecraft:peony":2,"minecraft:bundle":3,"minecraft:spruce_planks":2,"minecraft:diamond_pickaxe":4,"minecraft:stone_bricks":4,"minecraft:spider_eye":6,"minecraft:bow":19,"minecraft:magenta_dye":15,"travelersbackpack:cake":2,"minecraft:magma_block":2968,"hmag:exp_berry":1,"minecraft:spruce_sign":1,"minecraft:candle":6,"minecraft:moss_block":2,"minecraft:brown_mushroom":1,"minecraft:dark_oak_stairs":10,"soul_like_armors_reworked:estusflask":2,"minecraft:jungle_fence":2,"minecraft:leather":11,"minecraft:jungle_planks":26,"aether:skyroot_pickaxe":1,"aether:golden_gummy_swet":1,"travelersbackpack:standard":2,"minecraft:black_banner":1,"aether:victory_medal":6,"minecraft:flint":16,"paraglider:spirit_orb":16,"tombstone:bag_of_seeds":3,"immersive_aircraft:gyrodyne":1,"aether:iron_pendant":1,"minecraft:dispenser":3,"minecraft:mutton":2,"minecraft:crimson_roots":1,"minecraft:snowball":164,"minecraft:pumpkin_pie":5,"minecraft:axolotl_bucket":1,"duneons:skeletonspear":1,"aether:zanite_gemstone":2,"minecraft:gold_ingot":3,"aether:blue_gummy_swet":1,"minecraft:gravel":90,"aether:ambrosium_torch":19,"minecraft:blackstone":138,"spelunkers_charm:candle_on_helmet":1,"tombstone:tablet_of_recall":1,"born_in_chaos_v1:ethereal_spirit":3,"orcz:squig_eye":1,"minecraft:beetroot":4,"aether:leather_gloves":1,"travelersbackpack:bat":2,"minecraft:honey_bottle":1,"hmag:randomberry":3,"travelersbackpack:gold_tier_upgrade":2,"minecraft:leather_chestplate":5,"born_in_chaos_v1:seedof_chaos":1,"minecraft:gunpowder":23,"minecraft:birch_trapdoor":4,"duneons:scattermines":2,"duneons:mossstoneblock":1,"minecraft:chainmail_boots":1,"born_in_chaos_v1:corpse_maggot":21,"minecraft:chest":6,"vanillaplustools:stone_hammer":2,"minecraft:glowstone":26,"minecraft:iron_bars":2,"minecraft:arrow":400,"minecraft:netherrack":51,"aether:icestone":63,"minecraft:bread":190,"duneons:goatgear_chestplate":2,"minecraft:golden_helmet":7,"duneons:powerfulbow":2,"tombstone:tablet_of_home":2,"aether:swet_cape":1,"minecraft:poisonous_potato":2,"duneons:mushroomfoods":1,"minecraft:golden_axe":2,"stalwart_dungeons:iron_hammer":2,"minecraft:observer":2,"aether:iron_ring":1,"soul_like_armors_reworked:rustysteel_leggings":1,"minecraft:jungle_wood":2,"bossominium:the_bossdexium":1,"tombstone:ankh_of_pray":1,"minecraft:stick":3,"duneons:golemruin":3,"duneons:vasehighland":1,"minecraft:milk_bucket":1,"minecraft:diorite":1,"tombstone:magic_scroll":1,"minecraft:torch":587,"hmag:copper_nugget":2,"tombstone:grave_key":1,"minecraft:repeater":3,"minecraft:smooth_quartz":7,"born_in_chaos_v1:fused_bone":5,"minecraft:iron_door":3,"duneons:dungeonscharredcobblestone":48,"farmersdelight:bacon":10,"minecraft:iron_leggings":1,"born_in_chaos_v1:lifestealer_bone":2,"duneons:mountaineeraxeiron":1,"minecraft:cyan_candle":2,"minecraft:iron_axe":1,"minecraft:bucket":3,"minecraft:redstone_block":3,"minecraft:redstone":99,"minecraft:polished_deepslate":1,"minecraft:nether_brick_slab":1,"minecraft:raw_copper":73,"duneons:keygold":1,"minecraft:raw_iron":15,"aether:bronze_dungeon_key":1,"orcz:ironscrap":3,"travelersbackpack:diamond_tier_upgrade":1,"minecraft:shield":1,"aether:iron_gloves":2,"minecraft:iron_chestplate":1,"minecraft:mossy_stone_bricks":2,"minecraft:golden_leggings":1,"minecraft:oak_sapling":1,"orcz:squigs_claws":4,"minecraft:golden_sword":2,"aether:holystone":363,"minecraft:spruce_log":70,"duneons:ironamulete":1,"minecraft:stone_pickaxe":17,"travelersbackpack:hose_nozzle":1,"minecraft:calcite":4,"duneons:crystalblue":1,"minecraft:raw_gold":20},"minecraft:used":{"minecraft:beetroot":1,"minecraft:moss_block":23,"immersive_aircraft:airship":1,"minecraft:dispenser":5,"minecraft:spruce_slab":6,"minecraft:ladder":5,"duneons:swamplog":2,"minecraft:chest":49,"aether:skyroot_slab":152,"minecraft:stone":86,"aether:hammer_of_kingbdogz":1,"minecraft:rotten_flesh":2,"minecraft:soul_sand":8,"minecraft:cocoa_beans":15,"minecraft:jungle_slab":4,"minecraft:snowball":313,"duneons:wood_stronghold":1,"minecraft:spruce_boat":1,"hmag:exp_berry":1,"duneons:rampartbrazier":1,"minecraft:dark_oak_button":1,"minecraft:stone_brick_stairs":3,"minecraft:bow":38,"minecraft:sweet_berries":59,"minecraft:furnace":32,"duneons:endermanstatue":2,"untamedwilds:material_fat":20,"minecraft:egg":2,"minecraft:potato":80,"minecraft:mossy_stone_bricks":7,"minecraft:diorite":3,"minecraft:leather_leggings":1,"minecraft:damaged_anvil":4,"minecraft:spruce_door":1,"minecraft:blackstone":300,"minecraft:wooden_pickaxe":6,"minecraft:clay":1,"minecraft:cookie":2,"minecraft:golden_apple":2,"minecraft:glow_berries":12,"aether:neptune_leggings":1,"minecraft:blast_furnace":12,"minecraft:gray_concrete":2,"minecraft:lectern":42,"minecraft:coal_block":1,"minecraft:diamond_sword":832,"minecraft:fire_charge":1,"minecraft:smithing_table":1,"minecraft:birch_log":1,"minecraft:waxed_cut_copper_stairs":2,"minecraft:enchanting_table":1,"duneons:ancientruinebrickstwo":1,"vanillaplustools:stone_hammer":314,"born_in_chaos_v1:fried_maggot":20,"travelersbackpack:bat":1,"minecraft:netherrack":376,"minecraft:torch":536,"minecraft:anvil":9,"farmersdelight:beef_patty":8,"duneons:mountaineeraxeiron":35,"tombstone:ankh_of_pray":3,"soul_like_armors_reworked:dagger":81,"minecraft:iron_axe":501,"minecraft:rooted_dirt":2,"aether:zanite_pickaxe":187,"minecraft:smooth_basalt":1,"minecraft:basalt":8,"minecraft:iron_trapdoor":3,"tombstone:gift":10,"minecraft:cobbled_deepslate":376,"minecraft:observer":2,"minecraft:calcite":14,"minecraft:wheat_seeds":357,"farmersdelight:iron_knife":3,"minecraft:water_bucket":23,"minecraft:birch_planks":1,"minecraft:spruce_fence_gate":1,"minecraft:cracked_stone_bricks":10,"minecraft:mossy_cobblestone":5,"minecraft:rail":1,"aether:skyroot_pickaxe":13,"minecraft:oak_slab":7,"minecraft:crafting_table":16,"vanillaplustools:stone_shovel":17,"duneons:sanctumstonepatternedgildedtop":1,"minecraft:cake":2,"minecraft:spruce_log":38,"minecraft:oak_log":1,"minecraft:diamond_pickaxe":6448,"soul_like_armors_reworked:dragonslayeraxe":4,"minecraft:stripped_jungle_log":1,"tombstone:tablet_of_assistance":1,"minecraft:iron_pickaxe":575,"aether:valkyrie_pickaxe":2,"tombstone:magic_scroll":7,"minecraft:spruce_trapdoor":4,"minecraft:spruce_sapling":3,"farmersdelight:cooked_bacon":11,"minecraft:cobblestone":3187,"travelersbackpack:standard":163,"minecraft:purple_bed":14,"minecraft:cooked_porkchop":20,"minecraft:kelp":31,"aether:ambrosium_torch":7,"minecraft:moss_carpet":1,"stalwart_dungeons:iron_hammer":163,"soul_like_armors_reworked:spear":269,"minecraft:shield":57,"minecraft:iron_sword":1787,"minecraft:player_head":4,"minecraft:iron_chestplate":2,"minecraft:carrot":177,"minecraft:jungle_planks":9,"minecraft:milk_bucket":1,"minecraft:obsidian":10,"minecraft:big_dripleaf":1,"minecraft:glass":328,"born_in_chaos_v1:corpse_maggot":30,"minecraft:crimson_button":1,"minecraft:lantern":1,"duneons:dungeonscharredcobblestone":1,"born_in_chaos_v1:gnawed_bones":1,"duneons:mossstoneblock":6,"minecraft:stone_bricks":78,"minecraft:item_frame":1,"minecraft:deepslate_diamond_ore":2,"minecraft:beetroot_seeds":11,"orcz:orcskull":1,"minecraft:jungle_fence":20,"minecraft:stone_pickaxe":486,"minecraft:oak_planks":4,"minecraft:sandstone":5,"minecraft:diamond_axe":11,"minecraft:stone_brick_wall":1,"minecraft:redstone_torch":1,"waystones:waystone":13,"minecraft:lever":4,"minecraft:dark_oak_log":2,"minecraft:light_gray_concrete":1,"minecraft:bread":335,"tombstone:grave_key":9,"minecraft:iron_door":1,"minecraft:gravel":14,"farmersdelight:ham":1,"bossominium:charred_steak":2,"minecraft:chainmail_boots":1,"minecraft:grindstone":5,"immersive_aircraft:gyrodyne":2,"minecraft:bone_meal":2274,"minecraft:coarse_dirt":2,"minecraft:experience_bottle":1,"minecraft:cobweb":3,"minecraft:flint_and_steel":5,"minecraft:white_tulip":1,"minecraft:stone_shovel":174,"minecraft:redstone":3,"morebows:diamond_bow":465,"aether:aether_dirt":3,"minecraft:spruce_planks":17,"soul_like_armors_reworked:estusflask":94,"minecraft:cooked_chicken":2,"duneons:crystalminecart":3,"minecraft:dirt":157,"minecraft:hopper":21,"minecraft:cobblestone_wall":17,"minecraft:spruce_fence":16,"duneons:soul_scythe":18,"minecraft:iron_hoe":44,"minecraft:dark_oak_planks":17,"minecraft:bookshelf":27,"duneons:t_wooden_chest":1,"minecraft:iron_boots":1,"travelersbackpack:ocelot":30,"minecraft:minecart":1,"travelersbackpack:cake":38,"minecraft:cooked_beef":79,"aether:holystone":42,"minecraft:enchanted_golden_apple":2,"minecraft:iron_leggings":1,"minecraft:cooked_mutton":5,"minecraft:cobblestone_stairs":64,"minecraft:red_nether_bricks":4,"minecraft:baked_potato":23,"minecraft:brown_mushroom":2,"minecraft:spruce_sign":9,"minecraft:stonecutter":2,"minecraft:green_bed":1,"minecraft:cobblestone_slab":56,"minecraft:jungle_wood":2,"farmersdelight:onion":4,"duneons:bluekinghat_helmet":1,"minecraft:painting":1,"hmag:spectral_soup":1,"minecraft:smoker":3,"minecraft:apple":38,"minecraft:jungle_stairs":3,"minecraft:stone_axe":228,"soul_like_armors_reworked:sickle":5,"aether:golden_parachute":2,"minecraft:jungle_door":1,"minecraft:bucket":24,"minecraft:pumpkin_pie":4},"minecraft:mined":{"minecraft:dark_oak_planks":29,"duneons:barricade":8,"minecraft:cherry_log":1,"minecraft:red_nether_bricks":10,"minecraft:obsidian":8,"duneons:charredstone":47,"minecraft:acacia_log":8,"minecraft:stone_brick_wall":1,"born_in_chaos_v1:dark_metal_deposit":1,"minecraft:jungle_log":21,"minecraft:coal_block":1,"minecraft:blue_wool":4,"minecraft:hopper":18,"travelersbackpack:ocelot":10,"minecraft:nether_wart":25,"minecraft:red_stained_glass_pane":1,"minecraft:spawner":7,"minecraft:weeping_vines_plant":21,"minecraft:magma_block":1769,"minecraft:dark_oak_trapdoor":5,"minecraft:cobbled_deepslate":24,"minecraft:fire":23,"minecraft:moss_carpet":1,"minecraft:deepslate_lapis_ore":18,"minecraft:fletching_table":1,"minecraft:sculk_shrieker":1,"duneons:firepumkin":1,"minecraft:cave_vines":4,"minecraft:water_cauldron":1,"minecraft:dirt_path":6,"minecraft:small_amethyst_bud":1,"minecraft:light_gray_concrete":7,"minecraft:stripped_mangrove_wood":8,"minecraft:player_head":4,"minecraft:jungle_trapdoor":2,"duneons:mossstoneblock":8,"minecraft:brown_mushroom":1,"minecraft:kelp_plant":10,"minecraft:smoker":4,"minecraft:soul_fire":4,"minecraft:powder_snow":20,"minecraft:torch":40,"minecraft:blast_furnace":13,"minecraft:nether_brick_slab":2,"galosphere:silver_ore":9,"minecraft:spruce_wall_sign":3,"minecraft:glass":9,"minecraft:damaged_anvil":4,"minecraft:skeleton_skull":2,"minecraft:repeater":9,"minecraft:jungle_wood":4,"duneons:goldcandle":1,"minecraft:light_gray_stained_glass":6,"minecraft:wheat":142,"duneons:wood_stronghold":1,"minecraft:stone_brick_stairs":6,"minecraft:grass":203,"minecraft:smooth_quartz":12,"minecraft:smooth_basalt":6,"born_in_chaos_v1:infernal_evil_pumpkin_s":1,"duneons:dungeonscharreddirt":4,"minecraft:red_mushroom_block":3,"minecraft:stonecutter":2,"duneons:crimsonroots":2,"minecraft:piston":4,"minecraft:deepslate":81,"duneons:tombstone":2,"minecraft:mossy_cobblestone":5,"duneons:ruingolem_3":1,"minecraft:dark_oak_log":2,"minecraft:nether_bricks":16,"minecraft:allium":10,"minecraft:spruce_fence":7,"minecraft:jungle_planks":9,"minecraft:crimson_roots":2,"minecraft:redstone_wire":27,"aether:white_flower":2,"minecraft:crimson_button":1,"minecraft:cartography_table":1,"minecraft:red_mushroom":1,"minecraft:moss_block":25,"minecraft:kelp":6,"minecraft:black_stained_glass_pane":3,"duneons:anvilwithhammer":1,"duneons:stackofbooks":1,"minecraft:snow":41,"duneons:supportbeamcross":1,"duneons:books":1,"spelunkers_charm:deepslate_rock_pile_2":1,"duneons:campcubesblock":1,"minecraft:potatoes":15,"minecraft:vine":20,"minecraft:cobblestone_slab":21,"minecraft:rail":1,"irons_spellbooks:inscription_table":1,"minecraft:bone_block":1,"aether:gravitite_ore":3,"minecraft:smithing_table":1,"minecraft:oak_slab":1,"minecraft:redstone_block":3,"minecraft:gray_concrete":3,"minecraft:soul_sand":39,"aether:zanite_ore":10,"duneons:bookshelfvangard":2,"minecraft:observer":4,"minecraft:stone_brick_slab":1,"orcz:orcskull":1,"galosphere:deepslate_silver_ore":1,"minecraft:emerald_ore":12,"minecraft:warped_roots":1,"spelunkers_charm:dead_grass":6,"minecraft:tall_grass":7,"minecraft:copper_ore":6,"minecraft:deepslate_gold_ore":3,"duneons:bookshelfdun":2,"duneons:goldcandlefire":2,"minecraft:diorite":4,"minecraft:big_dripleaf":1,"minecraft:purple_bed":15,"minecraft:coarse_dirt":2,"minecraft:cobblestone_wall":12,"travelersbackpack:magenta_sleeping_bag":2,"minecraft:spruce_log":218,"minecraft:jungle_fence":6,"duneons:scarecrow":1,"minecraft:dark_oak_button":1,"minecraft:gravel":117,"minecraft:cobweb":39,"minecraft:stone_bricks":81,"minecraft:polished_blackstone":1,"minecraft:deepslate_emerald_ore":1,"travelersbackpack:cake":19,"duneons:lavabrickblock":4,"minecraft:fern":49,"duneons:totemblock":1,"minecraft:waxed_cut_copper_slab":2,"stalwart_dungeons:spore_vaporizer":6,"minecraft:spruce_planks":3,"aether:cold_aercloud":23,"minecraft:jungle_slab":4,"minecraft:sculk_vein":2,"minecraft:cobblestone_stairs":19,"minecraft:brewing_stand":2,"minecraft:spruce_trapdoor":15,"minecraft:cave_vines_plant":5,"minecraft:grass_block":40,"duneons:dungeonbarrel":3,"minecraft:soul_soil":10,"duneons:testillager":1,"duneons:lightbook_2":1,"duneons:charredgrassblock":11,"minecraft:glowstone":45,"minecraft:iron_ore":253,"born_in_chaos_v1:black_argillite_brick_slab":1,"born_in_chaos_v1:black_argillite_brick_stairs":2,"minecraft:anvil":8,"minecraft:dark_oak_stairs":8,"minecraft:iron_bars":3,"aether:purple_flower":2,"minecraft:spruce_slab":8,"minecraft:green_bed":1,"minecraft:waxed_cut_copper_stairs":2,"duneons:dustybookshelf":2,"aether:holystone":302,"minecraft:jungle_door":2,"minecraft:polished_blackstone_wall":1,"minecraft:blackstone":1028,"spelunkers_charm:basalt_rock_pile_1":1,"minecraft:medium_amethyst_bud":1,"stalwart_dungeons:transient_block_close":19,"minecraft:clay":1,"minecraft:chiseled_quartz_block":4,"aether:icestone":38,"minecraft:jungle_stairs":6,"minecraft:calcite":24,"minecraft:poppy":1,"minecraft:chest":36,"minecraft:nether_quartz_ore":10,"minecraft:cobblestone":698,"aether:skyroot_slab":3,"minecraft:grindstone":5,"minecraft:oak_planks":1,"minecraft:iron_door":5,"minecraft:wall_torch":88,"minecraft:warped_nylium":6,"duneons:spike_plates":1,"minecraft:birch_trapdoor":2,"aether:aether_grass_block":13,"minecraft:tnt":18,"duneons:shopkeeperleather":1,"duneons:cell":1,"duneons:t_wooden_chest":2,"minecraft:oak_log":10,"minecraft:beetroots":5,"duneons:bluebook_2":1,"minecraft:sand":88,"minecraft:dirt":80,"duneons:lamppostdown":3,"duneons:redstonedusts":1,"aether:ambrosium_ore":1,"minecraft:dispenser":8,"minecraft:netherrack":402,"minecraft:cyan_candle":1,"minecraft:oak_leaves":7,"minecraft:nether_gold_ore":4,"minecraft:candle":2,"minecraft:deepslate_diamond_ore":70,"duneons:arrowtarget":1,"born_in_chaos_v1:infected_diamond_ore":4,"minecraft:lever":3,"minecraft:ladder":4,"minecraft:weeping_vines":12,"aether:mossy_holystone":2,"minecraft:spruce_leaves":82,"minecraft:cracked_nether_bricks":1,"minecraft:sandstone":16,"minecraft:rooted_dirt":1,"minecraft:large_fern":43,"minecraft:hay_block":54,"minecraft:oak_trapdoor":4,"aether:aether_dirt":12,"minecraft:furnace":28,"minecraft:carrots":15,"minecraft:dark_oak_fence_gate":1,"minecraft:peony":1,"minecraft:bell":1,"duneons:swamplog":2,"minecraft:bookshelf":67,"aether:skyroot_log":21,"minecraft:deepslate_iron_ore":5,"minecraft:packed_ice":8,"minecraft:stripped_jungle_log":2,"duneons:tikitorch":2,"minecraft:redstone_wall_torch":1,"minecraft:stone":4071,"duneons:sawstone":1,"minecraft:acacia_leaves":8,"duneons:redbook_3":1,"duneons:ancientruinebrickstwo":1,"minecraft:snow_block":55,"minecraft:basalt":9,"travelersbackpack:standard":74,"minecraft:crafting_table":14,"duneons:snowstone":1,"minecraft:sculk_sensor":12,"minecraft:lectern":42,"born_in_chaos_v1:chipped_black_argillite_brick":1,"minecraft:lapis_ore":15,"minecraft:sculk":19,"duneons:floorboards":1,"aether:skyroot_leaves":30,"untamedwilds:block_burrow":1,"aether:treasure_chest":1,"minecraft:birch_planks":1,"minecraft:redstone_torch":2,"minecraft:black_wall_banner":1,"minecraft:sweet_berry_bush":7,"minecraft:ice":17,"duneons:tablesmall":1,"duneons:t_market_booth_wide_02":1,"duneons:endermanstatue":3,"duneons:standfortorch":3,"minecraft:coal_ore":668,"minecraft:cocoa":1,"minecraft:cherry_leaves":3,"minecraft:cyan_carpet":2,"minecraft:cracked_stone_bricks":12,"duneons:stonetablemap":1,"minecraft:small_dripleaf":1,"minecraft:mossy_stone_bricks":10,"paraglider:goddess_statue":1,"minecraft:crimson_hyphae":1,"minecraft:jungle_wall_sign":2}},"DataVersion":3465}