{"stats":{"minecraft:crafted":{"minecraft:crafting_table":1,"minecraft:spruce_planks":20,"minecraft:wooden_pickaxe":1,"minecraft:stick":8,"minecraft:stone_pickaxe":1,"minecraft:stone_sword":1},"minecraft:custom":{"minecraft:interact_with_furnace":1,"minecraft:mob_kills":107,"minecraft:inspect_hopper":1,"minecraft:interact_with_crafting_table":3,"minecraft:damage_dealt_resisted":50,"minecraft:leave_game":13,"minecraft:time_since_death":74518,"minecraft:sleep_in_bed":5,"minecraft:damage_resisted":46,"minecraft:climb_one_cm":3870,"minecraft:time_since_rest":73493,"minecraft:waystone_activated":1,"minecraft:sprint_one_cm":275633,"minecraft:damage_taken":6105,"minecraft:walk_one_cm":682843,"minecraft:drop":29,"minecraft:damage_dealt":11024,"minecraft:talked_to_villager":2,"minecraft:fly_one_cm":220296,"minecraft:open_chest":108,"minecraft:crouch_one_cm":31483,"tombstone:undead_killed":42,"minecraft:play_time":155659,"minecraft:deaths":5,"minecraft:sneak_time":8457,"minecraft:jump":2091,"minecraft:enchant_item":1,"minecraft:total_world_time":155659,"minecraft:fall_one_cm":43075},"minecraft:killed":{"born_in_chaos_v1:siamese_skeletons":1,"minecraft:zombified_piglin":12,"born_in_chaos_v1:restless_spirit":1,"born_in_chaos_v1:baby_skeleton":1,"born_in_chaos_v1:skeleton_demoman":1,"stalwart_dungeons:giddy_blaze":16,"hmag:kasha":1,"enemyexpansion:direwolf":1,"born_in_chaos_v1:decrepit_skeleton":3,"born_in_chaos_v1:maggot":5,"minecraft:skeleton":17,"minecraft:zombie":5,"born_in_chaos_v1:corpse_fly":5,"stalwart_dungeons:nether_wart_cocoon":16,"enemyexpansion:botfly":2,"minecraft:ghast":1,"duneons:piglinthrower":3,"minecraft:piglin_brute":5,"duneons:blazespawner":1,"born_in_chaos_v1:siamese_skeletonsleft":1,"enemyexpansion:slugger":1},"minecraft:picked_up":{"minecraft:crimson_hyphae":1,"born_in_chaos_v1:corpse_maggot":5,"minecraft:cooked_beef":4,"minecraft:suspicious_stew":1,"minecraft:nether_brick":33,"duneons:purplevangardpotion":1,"minecraft:gunpowder":5,"minecraft:shield":1,"minecraft:soul_soil":2,"minecraft:bone":5,"born_in_chaos_v1:soul_cutlass":1,"minecraft:bow":3,"duneons:crumsoncoresword":2,"minecraft:gold_nugget":2,"minecraft:cobbled_deepslate":1,"minecraft:white_tulip":1,"minecraft:iron_nugget":1,"minecraft:glowstone_dust":12,"minecraft:moss_block":2,"travelersbackpack:gold":3,"minecraft:iron_sword":1,"duneons:red_stone_golem_skull":2,"duneons:crimsonroots":1,"minecraft:pumpkin":8,"minecraft:sweet_berries":55,"minecraft:bowl":1,"minecraft:torch":4,"born_in_chaos_v1:ethereal_spirit":2,"minecraft:golden_axe":4,"duneons:magicwand":1,"tombstone:grave_dust":4,"minecraft:spruce_log":2,"minecraft:leather_helmet":1,"duneons:firepumkin":1,"soul_like_armors_reworked:estusflask":13,"minecraft:arrow":60,"stalwart_dungeons:spore_vaporizer":7,"minecraft:rotten_flesh":9,"minecraft:diamond_chestplate":1,"minecraft:decorated_pot":3,"minecraft:nether_bricks":1,"duneons:scorchgrass":1,"minecraft:bread":40,"duneons:miniredstonegolem":2,"minecraft:blaze_rod":15,"minecraft:netherrack":132,"morebows:diamond_bow":1,"minecraft:coal":16,"minecraft:cobblestone":5},"minecraft:broken":{"duneons:crumsoncoresword":1,"minecraft:iron_sword":1,"minecraft:iron_boots":1,"minecraft:iron_helmet":1},"minecraft:dropped":{"minecraft:bread":4,"stalwart_dungeons:spore_vaporizer":5,"minecraft:iron_sword":1,"minecraft:soul_soil":2,"minecraft:iron_nugget":1,"duneons:red_stone_golem_skull":1,"minecraft:nether_wart":1,"minecraft:bowl":2,"minecraft:golden_axe":3,"minecraft:rotten_flesh":3,"born_in_chaos_v1:soul_cutlass":1,"minecraft:nether_bricks":1,"travelersbackpack:gold":2,"minecraft:torch":4,"minecraft:gold_nugget":2,"minecraft:netherrack":1},"minecraft:used":{"minecraft:moss_block":2,"born_in_chaos_v1:ethereal_spirit":15,"minecraft:stone_pickaxe":18,"duneons:miniredstonegolem":2,"morebows:diamond_bow":32,"minecraft:decorated_pot":2,"minecraft:wooden_pickaxe":3,"minecraft:iron_sword":46,"soul_like_armors_reworked:estusflask":27,"minecraft:rotten_flesh":3,"minecraft:netherrack":84,"minecraft:crafting_table":1,"minecraft:crimson_hyphae":1,"born_in_chaos_v1:soul_cutlass":72,"minecraft:golden_chestplate":2,"duneons:crumsoncoresword":101,"travelersbackpack:gold":1,"minecraft:bread":32,"minecraft:suspicious_stew":1,"stalwart_dungeons:spore_vaporizer":2,"minecraft:iron_helmet":1,"minecraft:spruce_sapling":2,"minecraft:bow":57,"minecraft:sweet_berries":26,"duneons:red_stone_golem_skull":1,"minecraft:chainmail_boots":1,"born_in_chaos_v1:fel_lamp":37,"tombstone:gift":3,"minecraft:cooked_beef":4,"minecraft:cobbled_deepslate":1,"minecraft:iron_leggings":1},"minecraft:mined":{"minecraft:acacia_leaves":1,"minecraft:decorated_pot":3,"minecraft:soul_soil":1,"minecraft:cobblestone":3,"minecraft:spruce_leaves":4,"minecraft:moss_block":2,"minecraft:wall_torch":1,"minecraft:large_fern":1,"minecraft:glowstone":19,"duneons:red_stone_golem_skull":2,"minecraft:fire":5,"minecraft:sweet_berry_bush":1,"minecraft:spruce_log":2,"minecraft:pumpkin":8,"duneons:firepumkin":1,"minecraft:coal_ore":16,"minecraft:packed_ice":5,"travelersbackpack:gold":1,"minecraft:white_tulip":1,"minecraft:stone":2,"minecraft:fern":1}},"DataVersion":3465}