{"stats":{"minecraft:crafted":{"minecraft:cobblestone_stairs":4,"minecraft:spruce_stairs":4,"minecraft:stone_pickaxe":2,"minecraft:dark_oak_planks":4,"minecraft:stone_hoe":1,"minecraft:crafting_table":2,"minecraft:spruce_planks":20,"minecraft:wooden_pickaxe":1,"minecraft:stick":12,"minecraft:stone_sword":1},"minecraft:custom":{"minecraft:mob_kills":120,"minecraft:inspect_hopper":1,"minecraft:interact_with_crafting_table":7,"minecraft:damage_dealt_resisted":50,"minecraft:leave_game":17,"minecraft:time_since_death":110557,"minecraft:climb_one_cm":4402,"minecraft:damage_resisted":46,"minecraft:sprint_one_cm":317411,"minecraft:walk_one_cm":807707,"minecraft:drop":29,"minecraft:talked_to_villager":2,"minecraft:play_time":191698,"minecraft:deaths":5,"minecraft:sneak_time":9194,"minecraft:jump":2260,"minecraft:enchant_item":1,"minecraft:total_world_time":191698,"minecraft:interact_with_furnace":1,"minecraft:sleep_in_bed":9,"minecraft:time_since_rest":3704,"minecraft:waystone_activated":1,"minecraft:damage_taken":6176,"minecraft:damage_dealt":11024,"minecraft:fly_one_cm":240603,"minecraft:open_chest":152,"minecraft:crouch_one_cm":32829,"tombstone:undead_killed":55,"minecraft:fall_one_cm":44641},"minecraft:killed":{"minecraft:zombified_piglin":12,"born_in_chaos_v1:restless_spirit":1,"born_in_chaos_v1:skeleton_demoman":1,"enemyexpansion:direwolf":1,"born_in_chaos_v1:maggot":5,"minecraft:skeleton":30,"stalwart_dungeons:nether_wart_cocoon":16,"duneons:piglinthrower":3,"minecraft:piglin_brute":5,"duneons:blazespawner":1,"born_in_chaos_v1:siamese_skeletons":1,"born_in_chaos_v1:baby_skeleton":1,"stalwart_dungeons:giddy_blaze":16,"hmag:kasha":1,"born_in_chaos_v1:decrepit_skeleton":3,"minecraft:zombie":5,"born_in_chaos_v1:corpse_fly":5,"enemyexpansion:botfly":2,"minecraft:ghast":1,"born_in_chaos_v1:siamese_skeletonsleft":1,"enemyexpansion:slugger":1},"minecraft:picked_up":{"minecraft:crafting_table":1,"minecraft:suspicious_stew":1,"minecraft:nether_brick":33,"minecraft:shield":1,"minecraft:soul_soil":2,"minecraft:cracked_stone_bricks":5,"minecraft:gold_nugget":2,"minecraft:cobbled_deepslate":1,"minecraft:white_tulip":1,"minecraft:iron_nugget":1,"minecraft:raw_iron":4,"minecraft:torch":4,"minecraft:bowl":1,"minecraft:spruce_stairs":1,"minecraft:golden_axe":4,"duneons:magicwand":1,"tombstone:grave_dust":5,"duneons:firepumkin":1,"soul_like_armors_reworked:estusflask":15,"minecraft:arrow":71,"minecraft:diamond_chestplate":1,"minecraft:rotten_flesh":9,"minecraft:decorated_pot":3,"minecraft:nether_bricks":1,"minecraft:blaze_rod":15,"morebows:diamond_bow":1,"minecraft:cobblestone":67,"minecraft:crimson_hyphae":1,"born_in_chaos_v1:corpse_maggot":5,"minecraft:cooked_beef":4,"soul_like_armors_reworked:warriorgreatsword":1,"duneons:purplevangardpotion":1,"minecraft:cobblestone_stairs":2,"minecraft:gunpowder":5,"minecraft:dirt":9,"minecraft:bone":8,"born_in_chaos_v1:soul_cutlass":1,"minecraft:stone_bricks":6,"duneons:crumsoncoresword":2,"minecraft:bow":4,"minecraft:mossy_stone_bricks":12,"minecraft:glowstone_dust":12,"travelersbackpack:gold":4,"minecraft:moss_block":2,"minecraft:iron_sword":1,"duneons:red_stone_golem_skull":2,"duneons:crimsonroots":1,"minecraft:pumpkin":8,"minecraft:sweet_berries":55,"born_in_chaos_v1:ethereal_spirit":2,"minecraft:spruce_log":2,"minecraft:leather_helmet":1,"minecraft:bundle":1,"travelersbackpack:standard":2,"stalwart_dungeons:spore_vaporizer":7,"duneons:scorchgrass":1,"minecraft:bread":40,"duneons:miniredstonegolem":2,"minecraft:netherrack":132,"minecraft:coal":16},"minecraft:broken":{"duneons:crumsoncoresword":1,"minecraft:iron_boots":1,"minecraft:iron_sword":1,"minecraft:iron_helmet":1},"minecraft:dropped":{"minecraft:bread":4,"stalwart_dungeons:spore_vaporizer":5,"minecraft:iron_sword":1,"minecraft:golden_axe":3,"born_in_chaos_v1:soul_cutlass":1,"minecraft:torch":4,"minecraft:gold_nugget":2,"minecraft:soul_soil":2,"minecraft:iron_nugget":1,"duneons:red_stone_golem_skull":1,"minecraft:nether_wart":1,"minecraft:bowl":2,"minecraft:rotten_flesh":3,"minecraft:nether_bricks":1,"travelersbackpack:gold":2,"minecraft:netherrack":1},"minecraft:used":{"aether:lightning_knife":2,"minecraft:moss_block":2,"born_in_chaos_v1:ethereal_spirit":15,"morebows:diamond_bow":32,"minecraft:decorated_pot":2,"minecraft:iron_sword":46,"soul_like_armors_reworked:estusflask":27,"minecraft:rotten_flesh":3,"minecraft:netherrack":84,"minecraft:dirt":64,"minecraft:spruce_stairs":3,"minecraft:crimson_hyphae":1,"born_in_chaos_v1:soul_cutlass":72,"minecraft:golden_chestplate":2,"duneons:crumsoncoresword":101,"travelersbackpack:gold":9,"duneons:bluekinghat_chestplate":1,"minecraft:iron_helmet":1,"stalwart_dungeons:spore_vaporizer":2,"minecraft:bow":57,"minecraft:sweet_berries":26,"born_in_chaos_v1:fel_lamp":37,"tombstone:gift":3,"minecraft:cooked_beef":4,"minecraft:cobbled_deepslate":1,"minecraft:iron_leggings":1,"minecraft:cobblestone_stairs":2,"minecraft:stone_pickaxe":116,"duneons:miniredstonegolem":2,"minecraft:wooden_pickaxe":3,"minecraft:crafting_table":5,"minecraft:bread":36,"minecraft:suspicious_stew":1,"orcz:big_bone_1":2,"minecraft:spruce_sapling":2,"orcz:bone_1deco":1,"minecraft:cobblestone":26,"travelersbackpack:standard":6,"duneons:red_stone_golem_skull":1,"minecraft:chainmail_boots":1},"minecraft:mined":{"minecraft:cobblestone_stairs":2,"minecraft:grass_block":2,"minecraft:decorated_pot":3,"minecraft:soul_soil":1,"minecraft:spruce_leaves":4,"minecraft:moss_block":2,"minecraft:large_fern":1,"minecraft:glowstone":19,"duneons:red_stone_golem_skull":2,"minecraft:iron_ore":4,"minecraft:fire":6,"minecraft:pumpkin":8,"duneons:firepumkin":1,"minecraft:dirt_path":4,"minecraft:packed_ice":5,"minecraft:stone":33,"minecraft:white_tulip":1,"minecraft:acacia_leaves":1,"travelersbackpack:standard":1,"minecraft:crafting_table":1,"minecraft:cobblestone":34,"minecraft:wall_torch":1,"minecraft:spruce_stairs":1,"minecraft:sweet_berry_bush":1,"minecraft:spruce_log":2,"minecraft:coal_ore":16,"minecraft:dirt":3,"minecraft:cracked_stone_bricks":5,"travelersbackpack:gold":2,"minecraft:stone_bricks":6,"minecraft:mossy_stone_bricks":12,"minecraft:fern":1}},"DataVersion":3465}