{"stats":{"minecraft:killed":{"illagerrevolutionmod:illager_scavenger":1,"hmag:wither_skeleton_girl":3,"minecraft:cave_spider":2,"born_in_chaos_v1:mr_pumpkin":3,"orcz:goblinshield":1,"born_in_chaos_v1:zombie_lumberjack":1,"born_in_chaos_v1:restless_spirit":3,"born_in_chaos_v1:door_knight_not_despawn":2,"born_in_chaos_v1:baby_skeleton_minion":1,"minecraft:skeleton":368,"minecraft:chicken":1,"born_in_chaos_v1:skeleton_thrasher":1,"hmag:redcap":1,"duneons:piglinthrower":17,"minecraft:magma_cube":3,"born_in_chaos_v1:bone_imp":2,"stalwart_dungeons:giddy_blaze":14,"orcz:goblinwerid":1,"hmag:snow_canine":1,"hmag:hornet":1,"minecraft:pillager":17,"enemyexpansion:meature":1,"minecraft:zombie":73,"born_in_chaos_v1:corpse_fly":14,"enemyexpansion:botfly":25,"orcz:bigorcboss":1,"untamedwilds:bison":3,"orcz:orcsavage_2sword":1,"takesapillage:archer":1,"minecraft:cow":15,"hmag:skeleton_girl":1,"minecraft:horse":1,"hmag:zombie_girl":3,"duneons:squallgolem":4,"stalwart_dungeons:nether_wart_cocoon":7,"orcz:orcsavagemace":2,"minecraft:husk":102,"untamedwilds:monitor":1,"enemyexpansion:sprinter":4,"minecraft:frog":2,"born_in_chaos_v1:decrepit_skeleton":7,"hmag:dodomeki":1,"born_in_chaos_v1:lifestealer_true_form":1,"duneons:enchanted_zombie":10,"minecraft:witch":1,"minecraft:zombified_piglin":3,"minecraft:spider":7,"born_in_chaos_v1:scarlet_persecutor":1,"duneons:necromancer":3,"orcz:squig":4,"minecraft:piglin_brute":28,"duneons:enchanted_creeper":6,"minecraft:piglin":1,"born_in_chaos_v1:bonescaller":1,"orcz:weirdboinecro":1,"minecraft:pig":6,"enemyexpansion:ladybug":1,"minecraft:zombie_villager":1,"orcz:goblinsavagemace":5,"untamedwilds:boar":3,"hmag:wither_ghost":1,"minecraft:creeper":1,"duneons:mountaineer":39,"duneons:babyghast":1,"born_in_chaos_v1:dread_hound":4,"minecraft:ghast":1,"orcz:snot":6,"orcz:orcshield":1,"minecraft:blaze":10,"enemyexpansion:wasp":2,"enemyexpansion:direwolf":8,"orcz:bannerman":1,"born_in_chaos_v1:maggot":40,"minecraft:drowned":2,"enemyexpansion:goblin":1,"born_in_chaos_v1:fallen_chaos_knight":2,"born_in_chaos_v1:felsteed":1,"hmag:ghost":3,"born_in_chaos_v1:baby_skeleton":3,"duneons:redstone_pigman_monstrosity":1,"born_in_chaos_v1:decaying_zombie":1,"enemyexpansion:huntsman":2,"minecraft:wither_skeleton":11,"orcz:goblin_2sword":1,"hmag:cursed_doll":1,"enemyexpansion:slugger":1},"minecraft:crafted":{"travelersbackpack:crafting_upgrade":1,"minecraft:lever":5,"duneons:smoothcobblestone":3,"minecraft:glass":60,"minecraft:diamond_helmet":2,"minecraft:diamond_leggings":2,"vanillaplustools:stone_shovel":2,"minecraft:golden_axe":1,"minecraft:cooked_porkchop":6,"minecraft:diamond_axe":2,"travelersbackpack:standard":6,"immersive_aircraft:propeller":2,"farmersdelight:beef_patty":5,"minecraft:stone_brick_stairs":4,"minecraft:iron_pickaxe":1,"minecraft:gold_ingot":8,"farmersdelight:cooked_bacon":2,"minecraft:stone_shovel":19,"vanillaplustools:stone_hammer":13,"minecraft:bone_meal":2421,"minecraft:spruce_fence":3,"minecraft:white_carpet":12,"minecraft:diamond":9,"travelersbackpack:white_sleeping_bag":2,"minecraft:ladder":33,"minecraft:stone_pickaxe":142,"minecraft:diamond_boots":2,"minecraft:spruce_boat":4,"minecraft:dark_oak_planks":320,"minecraft:crossbow":1,"minecraft:dark_oak_button":1,"minecraft:iron_leggings":1,"minecraft:oak_planks":12,"minecraft:cobblestone_slab":126,"minecraft:cooked_chicken":1,"travelersbackpack:hose_nozzle":1,"minecraft:cobblestone_stairs":4,"minecraft:stone":4,"minecraft:dark_oak_door":9,"minecraft:hopper":15,"minecraft:stone_brick_slab":12,"minecraft:bow":5,"immersive_aircraft:hull":4,"minecraft:chest":55,"morebows:iron_bow":4,"minecraft:golden_boots":2,"minecraft:crafting_table":4,"minecraft:spruce_planks":692,"minecraft:baked_potato":13,"minecraft:iron_helmet":1,"tombstone:decorative_grave_simple":1,"minecraft:spruce_trapdoor":4,"minecraft:iron_chestplate":2,"minecraft:shield":6,"minecraft:diamond_pickaxe":1,"minecraft:stick":684,"minecraft:iron_ingot":93,"morebows:diamond_bow":1,"travelersbackpack:magenta_sleeping_bag":2,"minecraft:shears":1,"minecraft:cherry_planks":8,"minecraft:cobbled_deepslate_slab":36,"minecraft:spruce_button":1,"immersive_aircraft:sail":2,"minecraft:furnace":1,"minecraft:stone_button":1,"minecraft:dark_oak_trapdoor":20,"minecraft:dark_oak_sign":3,"minecraft:flint_and_steel":1,"duneons:tikitorch":4,"minecraft:iron_axe":5,"minecraft:iron_hoe":4,"born_in_chaos_v1:fried_maggot":1,"untamedwilds:food_bear_cooked":3,"morebows:multi_bow":1,"minecraft:cooked_beef":2,"minecraft:diamond_sword":2,"travelersbackpack:backpack_tank":4,"minecraft:iron_sword":5,"minecraft:bucket":5,"minecraft:stone_axe":1,"minecraft:air":0,"minecraft:bread":646,"minecraft:jungle_planks":48,"minecraft:oak_boat":1,"minecraft:white_wool":1,"minecraft:gold_nugget":36,"tombstone:dark_marble":3,"minecraft:acacia_planks":80,"minecraft:torch":604,"minecraft:diamond_chestplate":2},"minecraft:picked_up":{"minecraft:iron_chestplate":2,"minecraft:flower_pot":1,"minecraft:suspicious_stew":2,"minecraft:enchanted_book":3,"duneons:oakwoodbrew":3,"paraglider:goddess_statue":1,"minecraft:string":29,"minecraft:dark_oak_trapdoor":2,"minecraft:soul_soil":10,"duneons:goatgear_helmet":1,"minecraft:red_nether_bricks":6,"minecraft:gold_nugget":4,"minecraft:cobbled_deepslate":1374,"minecraft:spruce_planks":78,"minecraft:enchanted_golden_apple":1,"minecraft:dark_oak_door":2,"minecraft:golden_helmet":4,"born_in_chaos_v1:shattered_skull":2,"orcz:orcskull":1,"minecraft:big_dripleaf":4,"minecraft:green_bed":6,"minecraft:acacia_log":20,"born_in_chaos_v1:pileof_dark_metal":2,"minecraft:golden_axe":2,"minecraft:cherry_log":5,"minecraft:golden_chestplate":2,"born_in_chaos_v1:fried_maggot":1,"minecraft:honey_bottle":1,"farmersdelight:rope":12,"duneons:soul_scythe":2,"minecraft:glowstone":26,"minecraft:blaze_rod":14,"duneons:goldmace":1,"minecraft:snowball":207,"minecraft:birch_log":7,"duneons:crystalblue":2,"minecraft:magma_block":406,"minecraft:feather":2,"minecraft:cooked_beef":35,"orcz:orcteeth":29,"minecraft:iron_door":1,"born_in_chaos_v1:spiritual_dust":4,"minecraft:jungle_log":12,"duneons:bluekinghat_leggings":2,"farmersdelight:bacon":10,"minecraft:flint":14,"travelersbackpack:gold_tier_upgrade":1,"duneons:scattermines":1,"minecraft:gray_concrete":1,"untamedwilds:food_turtle_raw":2,"minecraft:diamond_helmet":1,"hmag:exp_berry":1,"minecraft:glowstone_dust":4,"galosphere:raw_silver":7,"minecraft:moss_block":55,"duneons:crimsonroots":1,"orcz:blue_orcshroom":1,"minecraft:stripped_spruce_log":56,"spelunkers_charm:candle_on_helmet":2,"minecraft:dark_oak_log":80,"minecraft:bundle":11,"minecraft:iron_hoe":2,"stalwart_dungeons:spore_vaporizer":3,"minecraft:dispenser":3,"minecraft:lever":1,"minecraft:chainmail_helmet":1,"minecraft:bread":174,"minecraft:rooted_dirt":10,"minecraft:diamond_pickaxe":4,"minecraft:coarse_dirt":55,"minecraft:crafting_table":1,"minecraft:nether_wart":1,"minecraft:clay_ball":286,"minecraft:leather_leggings":1,"born_in_chaos_v1:seedof_chaos":6,"minecraft:cornflower":1,"minecraft:iron_shovel":1,"farmersdelight:beef_patty":5,"minecraft:beef":43,"born_in_chaos_v1:gnawed_bones":1,"minecraft:jungle_sapling":1,"minecraft:iron_nugget":2,"minecraft:spruce_slab":1,"minecraft:chest":19,"minecraft:piston":5,"minecraft:egg":2,"orcz:squig_eye":2,"minecraft:spruce_fence":2,"minecraft:jungle_fence_gate":1,"minecraft:redstone":102,"born_in_chaos_v1:pieceofdarkmetal":16,"minecraft:carrot":2,"minecraft:jungle_sign":1,"minecraft:stone_shovel":3,"minecraft:hay_block":1,"tombstone:essence_of_undeath":3,"minecraft:gold_ingot":4,"minecraft:oxeye_daisy":1,"minecraft:rail":12,"minecraft:white_wool":11,"minecraft:bone_block":238,"hmag:mysterious_petal":1,"duneons:dungeonscharreddirt":16,"born_in_chaos_v1:monster_flesh":6,"minecraft:yellow_dye":2,"minecraft:filled_map":1,"spelunkers_charm:old_miners_bundle":2,"minecraft:oak_log":3,"minecraft:paper":2,"born_in_chaos_v1:soul_cutlass":1,"farmersdelight:cooking_pot":1,"minecraft:stone_bricks":20,"travelersbackpack:cake":4,"minecraft:stone_pickaxe":9,"tombstone:bag_of_seeds":1,"minecraft:iron_sword":1,"minecraft:flowering_azalea":1,"travelersbackpack:blank_upgrade":1,"minecraft:dark_oak_stairs":1,"minecraft:smooth_basalt":47,"duneons:dungeonscharredcobblestone":9,"minecraft:sweet_berries":27,"born_in_chaos_v1:ethereal_spirit":4,"minecraft:cracked_nether_bricks":1,"minecraft:gravel":169,"duneons:necromancerball":2,"orcz:orcamanita":1,"minecraft:spruce_sapling":13,"minecraft:spruce_log":159,"duneons:leaveswindswept":1,"minecraft:leather_helmet":3,"travelersbackpack:standard":76,"minecraft:stone_axe":2,"tombstone:scroll_of_knowledge":1,"minecraft:diamond_axe":1,"minecraft:melon_seeds":4,"minecraft:hopper":1,"minecraft:wheat":356,"travelersbackpack:bat":22,"minecraft:redstone_block":3,"minecraft:nether_brick":19,"minecraft:stone_brick_stairs":8,"tombstone:grave_key":1,"soul_like_armors_reworked:rustysteel_chestplate":1,"minecraft:raw_copper":35,"minecraft:iron_leggings":1,"minecraft:oak_sign":1,"minecraft:activator_rail":4,"minecraft:smooth_stone":6,"minecraft:bucket":3,"minecraft:red_dye":1,"minecraft:redstone_torch":1,"minecraft:cobblestone_slab":15,"minecraft:calcite":6,"minecraft:azalea":1,"minecraft:smooth_quartz":7,"farmersdelight:cabbage_seeds":3,"minecraft:iron_boots":1,"minecraft:furnace":2,"minecraft:tipped_arrow":64,"minecraft:stick":16,"minecraft:jungle_door":1,"minecraft:birch_trapdoor":6,"minecraft:torch":677,"travelersbackpack:iron_tier_upgrade":1,"travelersbackpack:diamond_tier_upgrade":1,"minecraft:porkchop":19,"duneons:magicwand":1,"orcz:squigs_claws":10,"tombstone:grave_dust":58,"minecraft:vine":2,"duneons:firepumkin":1,"minecraft:rotten_flesh":276,"duneons:bluebanner":4,"orcz:orcshroom":1,"minecraft:obsidian":9,"morebows:diamond_bow":1,"minecraft:cobblestone":2388,"minecraft:pink_petals":6,"minecraft:leather_chestplate":1,"hmag:copper_nugget":1,"minecraft:repeater":3,"paraglider:spirit_orb":34,"minecraft:magenta_dye":21,"minecraft:tuff":80,"minecraft:lapis_lazuli":14,"minecraft:dirt":659,"duneons:golemruin":2,"minecraft:name_tag":2,"born_in_chaos_v1:monster_skin":1,"minecraft:glass":14,"minecraft:bone":235,"travelersbackpack:backpack_tank":1,"minecraft:acacia_planks":4,"minecraft:bow":20,"minecraft:wheat_seeds":249,"stalwart_dungeons:iron_hammer":1,"minecraft:raw_gold":22,"minecraft:cobbled_deepslate_slab":36,"minecraft:bell":1,"minecraft:mossy_stone_bricks":5,"minecraft:fletching_table":1,"travelersbackpack:gold":1,"minecraft:oak_planks":3,"duneons:red_stone_golem_skull":1,"minecraft:cooked_porkchop":13,"hmag:soul_powder":2,"minecraft:axolotl_bucket":1,"orcz:orcagaric":4,"minecraft:jungle_planks":13,"minecraft:sand":300,"minecraft:diamond_block":2,"galosphere:silver_nugget":15,"minecraft:diamond":7,"waystones:waystone":2,"minecraft:crossbow":3,"hmag:burning_core":1,"minecraft:golden_apple":2,"minecraft:emerald":3,"minecraft:oak_sapling":6,"minecraft:netherrack":987,"minecraft:cocoa_beans":6,"minecraft:chicken":2,"minecraft:ladder":3,"duneons:swamplog":5,"duneons:kelpstonebircks":2,"soul_like_armors_reworked:darkknightsword":2,"minecraft:chain":1,"minecraft:shield":2,"aether:leather_gloves":2,"minecraft:oak_trapdoor":2,"minecraft:moss_carpet":2,"minecraft:blackstone":395,"minecraft:player_head":1,"minecraft:observer":3,"minecraft:lectern":6,"minecraft:spruce_trapdoor":1,"minecraft:dark_oak_sapling":1,"minecraft:raw_iron":243,"illagerrevolutionmod:junk_axe":1,"minecraft:stone_button":1,"minecraft:iron_horse_armor":1,"soul_like_armors_reworked:estusflask":75,"minecraft:arrow":444,"galosphere:silver_upgrade_smithing_template":6,"minecraft:pumpkin_pie":5,"minecraft:nether_bricks":4,"minecraft:saddle":2,"minecraft:black_banner":1,"duneons:goatgear_chestplate":2,"minecraft:skeleton_skull":3,"duneons:bluekinghat_chestplate":3,"born_in_chaos_v1:corpse_maggot":21,"minecraft:air":0,"minecraft:basalt":7,"minecraft:dark_oak_button":3,"minecraft:leather":39,"minecraft:gunpowder":21,"minecraft:cobblestone_stairs":1,"minecraft:red_nether_brick_stairs":1,"untamedwilds:material_fat":16,"spelunkers_charm:basalt_rock":3,"minecraft:iron_ingot":90,"born_in_chaos_v1:fel_lamp":1,"minecraft:soul_sand":9,"stalwart_dungeons:transient_block_close":2,"duneons:keydiamond":1,"born_in_chaos_v1:lifestealer_bone":7,"stalwart_dungeons:tungsten_ingot":2,"minecraft:quartz":10,"minecraft:lava_bucket":1,"born_in_chaos_v1:dark_rod":2,"minecraft:amethyst_shard":2,"minecraft:nether_brick_slab":1,"duneons:bluekinghat_helmet":3,"minecraft:spider_eye":5,"minecraft:spruce_door":1,"minecraft:stripped_jungle_log":1,"minecraft:pumpkin_seeds":11,"minecraft:chainmail_leggings":1,"minecraft:iron_helmet":1,"vanillaplustools:stone_hammer":3,"duneons:tikitorch":1,"duneons:keygold":1,"tombstone:magic_scroll":5,"minecraft:coal":272},"minecraft:dropped":{"minecraft:iron_sword":2,"minecraft:piston":5,"minecraft:porkchop":2,"minecraft:cooked_beef":23,"duneons:necromancerball":1,"minecraft:diamond":17,"minecraft:cooked_porkchop":2,"minecraft:crossbow":2,"immersive_aircraft:hull":2,"farmersdelight:cooked_bacon":1,"minecraft:rooted_dirt":10,"minecraft:dark_oak_button":1,"minecraft:saddle":1,"born_in_chaos_v1:pieceofdarkmetal":1,"minecraft:leather_helmet":4,"farmersdelight:beef_patty":5,"minecraft:emerald":18,"born_in_chaos_v1:monster_flesh":6,"minecraft:dirt":1,"minecraft:stone_button":1,"minecraft:yellow_dye":4,"minecraft:dark_oak_trapdoor":1,"minecraft:jungle_sapling":1,"duneons:bluebanner":3,"minecraft:gold_nugget":2,"minecraft:bone_meal":57,"minecraft:sand":101,"travelersbackpack:backpack_tank":1,"minecraft:bone":9,"minecraft:stone_axe":1,"immersive_aircraft:propeller":1,"minecraft:iron_nugget":4,"minecraft:golden_chestplate":1,"minecraft:cobbled_deepslate":524,"minecraft:nether_brick":1,"minecraft:wheat":4,"minecraft:obsidian":10,"minecraft:rotten_flesh":157,"minecraft:oak_planks":1,"duneons:bluekinghat_chestplate":2,"minecraft:leather_boots":1,"minecraft:spruce_slab":1,"minecraft:red_nether_bricks":1,"minecraft:glass":4,"minecraft:beef":2,"stalwart_dungeons:tungsten_ingot":1,"minecraft:stone_brick_stairs":8,"duneons:crimsonroots":1,"minecraft:egg":2,"minecraft:enchanted_book":1,"minecraft:iron_ingot":23,"minecraft:golden_boots":1,"born_in_chaos_v1:shattered_skull":1,"minecraft:wheat_seeds":17,"untamedwilds:food_turtle_raw":2,"duneons:soul_scythe":1,"minecraft:iron_helmet":1,"minecraft:cobblestone":5,"orcz:orcagaric":2,"hmag:diamond_fragment":3,"minecraft:chainmail_helmet":1,"minecraft:coal":1,"minecraft:oxeye_daisy":1,"born_in_chaos_v1:gnawed_bones":1,"duneons:bluekinghat_leggings":2,"duneons:bluekinghat_helmet":2,"minecraft:diamond_helmet":1,"duneons:goatgear_helmet":2,"minecraft:smooth_stone":7,"minecraft:iron_shovel":2,"minecraft:paper":2,"minecraft:string":6,"minecraft:acacia_planks":4,"minecraft:spruce_sapling":10,"minecraft:stone_brick_slab":6,"minecraft:player_head":1,"minecraft:dark_oak_sign":2,"minecraft:cocoa_beans":6,"minecraft:stone_shovel":4,"minecraft:chicken":1,"duneons:oakwoodbrew":2,"minecraft:clay_ball":11,"orcz:orcamanita":1,"minecraft:iron_boots":1,"minecraft:cobbled_deepslate_slab":72,"duneons:tikitorch":3,"minecraft:spruce_fence":2,"galosphere:silver_nugget":14,"minecraft:pumpkin_seeds":14,"minecraft:suspicious_stew":2,"minecraft:diamond_sword":1,"minecraft:big_dripleaf":4,"minecraft:cobblestone_slab":12,"soul_like_armors_reworked:darkknightsword":1,"minecraft:bundle":2,"minecraft:spruce_planks":224,"minecraft:diamond_pickaxe":3,"minecraft:stone_bricks":1,"minecraft:spider_eye":4,"minecraft:bow":4,"minecraft:magenta_dye":13,"minecraft:magma_block":214,"hmag:exp_berry":3,"minecraft:moss_block":8,"minecraft:dark_oak_stairs":1,"minecraft:diamond_axe":1,"minecraft:baked_potato":5,"soul_like_armors_reworked:estusflask":5,"minecraft:leather":16,"born_in_chaos_v1:pileof_dark_metal":2,"travelersbackpack:standard":3,"paraglider:spirit_orb":9,"minecraft:flint":14,"born_in_chaos_v1:monster_skin":1,"minecraft:snowball":234,"minecraft:amethyst_shard":2,"minecraft:axolotl_bucket":2,"minecraft:gold_ingot":19,"minecraft:gravel":2,"minecraft:blackstone":160,"spelunkers_charm:candle_on_helmet":2,"orcz:squig_eye":1,"born_in_chaos_v1:ethereal_spirit":4,"minecraft:beetroot":2,"aether:leather_gloves":3,"travelersbackpack:bat":1,"minecraft:honey_bottle":1,"minecraft:carrot":1,"minecraft:gunpowder":14,"minecraft:birch_trapdoor":6,"minecraft:melon_seeds":4,"born_in_chaos_v1:corpse_maggot":17,"minecraft:chest":7,"vanillaplustools:stone_hammer":3,"immersive_aircraft:sail":2,"minecraft:arrow":2,"minecraft:netherrack":302,"minecraft:bread":293,"minecraft:vine":2,"duneons:goatgear_chestplate":2,"minecraft:golden_axe":1,"spelunkers_charm:old_miners_bundle":2,"minecraft:stick":25,"duneons:golemruin":2,"tombstone:magic_scroll":1,"minecraft:torch":66,"tombstone:grave_key":1,"minecraft:repeater":3,"minecraft:smooth_quartz":7,"tombstone:grave_dust":10,"born_in_chaos_v1:lifestealer_bone":2,"minecraft:flowering_azalea":1,"minecraft:pink_petals":6,"minecraft:bucket":2,"minecraft:smooth_basalt":47,"minecraft:redstone":13,"minecraft:kelp":64,"minecraft:sweet_berries":12,"minecraft:nether_wart":1,"minecraft:coarse_dirt":31,"minecraft:raw_copper":23,"duneons:keygold":1,"minecraft:raw_iron":128,"minecraft:iron_hoe":3,"minecraft:filled_map":1,"minecraft:shield":4,"orcz:orcteeth":2,"aether:iron_gloves":1,"minecraft:diamond_chestplate":1,"minecraft:iron_chestplate":3,"minecraft:mossy_stone_bricks":2,"orcz:squigs_claws":6,"duneons:crystalblue":1,"minecraft:stone_pickaxe":32,"minecraft:calcite":6},"minecraft:broken":{"minecraft:golden_boots":2,"minecraft:diamond_helmet":2,"minecraft:iron_boots":1,"minecraft:iron_leggings":2,"minecraft:iron_sword":4,"stalwart_dungeons:iron_hammer":1,"minecraft:bow":1,"duneons:goatgear_chestplate":3,"minecraft:iron_hoe":2,"minecraft:diamond_leggings":1,"minecraft:shield":1,"vanillaplustools:stone_hammer":8,"minecraft:iron_axe":4,"vanillaplustools:stone_shovel":2,"soul_like_armors_reworked:rustysteel_chestplate":1,"minecraft:golden_helmet":1,"minecraft:stone_pickaxe":2,"minecraft:diamond_boots":1,"duneons:goatgear_helmet":2},"minecraft:mined":{"minecraft:jungle_leaves":10,"minecraft:red_nether_bricks":7,"travelersbackpack:red_sleeping_bag":1,"minecraft:obsidian":7,"duneons:charredstone":11,"minecraft:acacia_log":23,"minecraft:jungle_log":12,"minecraft:hopper":1,"minecraft:spawner":16,"duneons:eminencefungussprout":2,"minecraft:magma_block":3019,"minecraft:dark_oak_trapdoor":1,"minecraft:fire":29,"minecraft:cobbled_deepslate":10,"minecraft:deepslate_lapis_ore":2,"minecraft:fletching_table":1,"minecraft:sculk_shrieker":3,"duneons:firepumkin":1,"minecraft:polished_deepslate_slab":1,"minecraft:dirt_path":1,"minecraft:player_head":1,"duneons:vasehighland":1,"minecraft:tripwire":1,"minecraft:soul_fire":30,"minecraft:amethyst_cluster":1,"minecraft:powder_snow":24,"minecraft:torch":18,"minecraft:blast_furnace":1,"minecraft:glass":21,"minecraft:skeleton_skull":2,"minecraft:wheat":76,"minecraft:stone_brick_stairs":1,"minecraft:grass":66,"minecraft:smooth_quartz":2,"minecraft:smooth_basalt":48,"minecraft:stonecutter":1,"duneons:dungeonscharreddirt":15,"duneons:crimsonroots":1,"minecraft:deepslate":2001,"duneons:scorchgrass":1,"minecraft:mossy_cobblestone":1,"duneons:ruingolem_3":1,"duneons:kelpstonebircks":2,"minecraft:dark_oak_log":84,"minecraft:nether_bricks":6,"minecraft:spruce_fence":4,"minecraft:jungle_planks":2,"minecraft:redstone_wire":4,"minecraft:moss_block":51,"travelersbackpack:bat":20,"minecraft:redstone_ore":1,"minecraft:vine":3,"minecraft:cobblestone_slab":10,"minecraft:bone_block":252,"spelunkers_charm:basalt_rock_pile_3":1,"minecraft:gray_concrete":1,"minecraft:observer":1,"galosphere:deepslate_silver_ore":9,"minecraft:emerald_ore":1,"minecraft:warped_roots":1,"minecraft:lightning_rod":1,"minecraft:copper_ore":8,"minecraft:tall_grass":2,"minecraft:deepslate_gold_ore":2,"minecraft:big_dripleaf":1,"minecraft:coarse_dirt":56,"minecraft:spruce_log":118,"minecraft:jungle_fence":1,"minecraft:dark_oak_button":1,"minecraft:gravel":279,"minecraft:cobweb":2,"minecraft:stone_bricks":21,"travelersbackpack:cake":3,"minecraft:fern":15,"stalwart_dungeons:spore_vaporizer":12,"minecraft:large_amethyst_bud":1,"minecraft:spruce_planks":1,"minecraft:farmland":54,"minecraft:sculk_vein":5,"minecraft:cobblestone_stairs":2,"minecraft:spruce_trapdoor":2,"minecraft:cave_vines_plant":1,"minecraft:grass_block":245,"minecraft:soul_soil":12,"duneons:charredgrassblock":1,"minecraft:glowstone":1,"minecraft:sculk_catalyst":2,"minecraft:red_nether_brick_stairs":1,"minecraft:iron_ore":168,"duneons:outpostbricks":1,"minecraft:spruce_slab":1,"minecraft:green_bed":6,"minecraft:deepslate_redstone_ore":2,"minecraft:polished_blackstone_wall":1,"minecraft:blackstone":1306,"minecraft:medium_amethyst_bud":1,"stalwart_dungeons:transient_block_close":2,"minecraft:soul_lantern":1,"minecraft:clay":113,"minecraft:calcite":2,"minecraft:chest":10,"minecraft:nether_quartz_ore":11,"minecraft:cobblestone":97,"minecraft:oak_planks":2,"minecraft:wall_torch":39,"minecraft:warped_nylium":2,"minecraft:dark_oak_door":2,"duneons:leaveswindswept":1,"orcz:orcagaric":2,"minecraft:birch_trapdoor":2,"minecraft:oak_log":3,"minecraft:sand":426,"minecraft:dirt":539,"minecraft:netherrack":1097,"minecraft:polished_deepslate_wall":3,"minecraft:oak_leaves":32,"minecraft:tuff":113,"minecraft:deepslate_diamond_ore":7,"minecraft:lever":1,"duneons:sanctumstonepatternedgildedtop":1,"minecraft:spruce_leaves":86,"minecraft:cracked_nether_bricks":1,"minecraft:rooted_dirt":11,"minecraft:large_fern":12,"minecraft:potted_dark_oak_sapling":1,"minecraft:furnace":4,"minecraft:nether_sprouts":1,"minecraft:stripped_spruce_log":56,"minecraft:peony":1,"minecraft:bell":1,"minecraft:polished_deepslate":1,"duneons:swamplog":5,"minecraft:bookshelf":1,"minecraft:packed_ice":1,"minecraft:stone":2670,"minecraft:white_tulip":1,"minecraft:redstone_wall_torch":1,"minecraft:basalt":7,"minecraft:spruce_door":2,"travelersbackpack:standard":76,"minecraft:crafting_table":2,"minecraft:sculk_sensor":5,"minecraft:lectern":7,"minecraft:sculk":35,"minecraft:sweet_berry_bush":4,"minecraft:coal_ore":184,"minecraft:mossy_stone_bricks":5,"minecraft:jungle_wall_sign":1,"paraglider:goddess_statue":1},"minecraft:killed_by":{"minecraft:warden":1,"minecraft:player":3,"minecraft:skeleton":1},"minecraft:custom":{"minecraft:interact_with_crafting_table":39,"minecraft:open_barrel":90,"minecraft:bell_ring":8,"minecraft:eat_cake_slice":8,"minecraft:leave_game":41,"minecraft:time_since_death":65692,"minecraft:damage_blocked_by_shield":4785,"minecraft:play_time":1850312,"minecraft:deaths":35,"minecraft:jump":24005,"minecraft:enchant_item":3,"minecraft:interact_with_furnace":97,"minecraft:interact_with_cartography_table":1,"minecraft:sleep_in_bed":93,"minecraft:waystone_activated":7,"minecraft:damage_dealt":132379,"tombstone:undead_killed":617,"minecraft:interact_with_smoker":11,"minecraft:inspect_dispenser":17,"minecraft:horse_one_cm":21738,"minecraft:interact_with_smithing_table":12,"minecraft:interact_with_anvil":5,"minecraft:inspect_hopper":14,"minecraft:sneak_time":207920,"minecraft:interact_with_blast_furnace":60,"minecraft:total_world_time":1850312,"tombstone:raider_killed":19,"minecraft:tune_noteblock":40,"minecraft:interact_with_stonecutter":1,"minecraft:time_since_rest":9894,"minecraft:swim_one_cm":30436,"minecraft:fly_one_cm":3893646,"minecraft:open_chest":876,"minecraft:fall_one_cm":578965,"minecraft:animals_bred":35,"minecraft:damage_resisted":19788,"minecraft:sprint_one_cm":3284396,"minecraft:drop":443,"minecraft:talked_to_villager":49,"minecraft:walk_on_water_one_cm":60839,"minecraft:player_kills":2,"minecraft:crouch_one_cm":733528,"minecraft:mob_kills":961,"minecraft:damage_dealt_resisted":4712,"minecraft:climb_one_cm":178819,"minecraft:walk_one_cm":4396817,"minecraft:walk_under_water_one_cm":44715,"minecraft:boat_one_cm":385315,"minecraft:interact_with_grindstone":13,"minecraft:damage_taken":38799,"minecraft:damage_absorbed":169},"minecraft:used":{"duneons:sanctumstonepatternedgilded":1,"duneons:smoothcobblestone":3,"minecraft:dispenser":3,"minecraft:ladder":26,"duneons:swamplog":1,"duneons:ravagergatewood_3":1,"minecraft:chest":52,"minecraft:rotten_flesh":20,"minecraft:soul_sand":4,"minecraft:snowball":40,"minecraft:spruce_boat":4,"hmag:exp_berry":5,"minecraft:lava_bucket":8,"minecraft:jungle_fence_gate":1,"duneons:rampartbrazier":1,"minecraft:dark_oak_button":2,"minecraft:stone_brick_stairs":4,"minecraft:bow":2,"minecraft:sweet_berries":3,"minecraft:furnace":2,"untamedwilds:material_fat":14,"minecraft:potato":34,"minecraft:blackstone":67,"minecraft:golden_apple":3,"minecraft:dark_oak_trapdoor":12,"minecraft:stone_button":1,"minecraft:lectern":6,"minecraft:diamond_sword":396,"duneons:red_stone_golem_skull":1,"minecraft:oak_boat":1,"minecraft:oak_trapdoor":2,"vanillaplustools:stone_hammer":1279,"born_in_chaos_v1:fried_maggot":2,"travelersbackpack:bat":23,"minecraft:netherrack":620,"minecraft:torch":914,"minecraft:nether_brick_slab":1,"farmersdelight:beef_patty":5,"soul_like_armors_reworked:dagger":25,"travelersbackpack:gold":1,"minecraft:iron_axe":587,"duneons:ravagergateiron":1,"minecraft:glowstone":10,"minecraft:beef":6,"tombstone:gift":8,"minecraft:cobbled_deepslate":57,"minecraft:observer":2,"duneons:leaveswindswept":2,"minecraft:wheat_seeds":2698,"minecraft:water_bucket":38,"minecraft:bundle":1,"minecraft:fletching_table":1,"minecraft:crafting_table":3,"vanillaplustools:stone_shovel":278,"minecraft:cake":1,"farmersdelight:minced_beef":1,"duneons:firepumkin":1,"minecraft:diamond_pickaxe":1239,"minecraft:stripped_jungle_log":1,"minecraft:iron_pickaxe":111,"minecraft:spruce_trapdoor":6,"farmersdelight:cooked_bacon":1,"minecraft:cobblestone":1214,"travelersbackpack:standard":155,"minecraft:cooked_porkchop":17,"stalwart_dungeons:iron_hammer":249,"minecraft:iron_shovel":78,"minecraft:shield":68,"minecraft:iron_sword":1009,"duneons:ravager_gatewood":1,"paraglider:goddess_statue":1,"minecraft:jungle_planks":1,"minecraft:nether_bricks":4,"minecraft:carrot":11,"minecraft:tuff":39,"minecraft:axolotl_bucket":1,"minecraft:glass":10,"duneons:tikitorch":2,"tombstone:decorative_grave_simple":1,"orcz:orcagaric":2,"minecraft:stone_bricks":61,"minecraft:magma_block":6,"minecraft:stone_pickaxe":256,"minecraft:dark_oak_sign":1,"minecraft:diamond_axe":807,"minecraft:redstone_torch":1,"minecraft:lever":5,"minecraft:bread":530,"tombstone:grave_key":9,"minecraft:iron_door":1,"minecraft:jungle_sign":1,"minecraft:coarse_dirt":24,"minecraft:bone_meal":2019,"minecraft:cobweb":12,"minecraft:redstone":19,"morebows:diamond_bow":134,"minecraft:spruce_planks":29,"soul_like_armors_reworked:estusflask":21,"minecraft:cooked_chicken":1,"minecraft:dirt":637,"minecraft:hopper":16,"minecraft:spruce_fence":3,"duneons:soul_scythe":1,"minecraft:iron_hoe":514,"duneons:goatgear_chestplate":1,"minecraft:stone_brick_slab":6,"untamedwilds:food_bear_cooked":3,"travelersbackpack:cake":3,"minecraft:cooked_beef":14,"minecraft:enchanted_golden_apple":2,"minecraft:cobblestone_stairs":1,"minecraft:baked_potato":8,"minecraft:red_nether_bricks":5,"minecraft:green_bed":6,"minecraft:cobblestone_slab":64,"minecraft:dark_oak_door":9,"tombstone:bag_of_seeds":2,"minecraft:apple":18,"minecraft:cracked_nether_bricks":1,"minecraft:stone_axe":90,"minecraft:jungle_door":1,"minecraft:bucket":63,"minecraft:pumpkin_pie":5}},"DataVersion":3465}